time,temperature,pressure,humidity,altitude,accel_x,accel_y,accel_z,gyro_x,gyro_y,gyro_z,mic,fan
2021-04-28 14:58:05.246779,28.27,101846.14,86.58,-43.30,-9.80,-0.64,-1.52,-0.01,0.16,0.04,1446,-1
2021-04-28 14:58:05.381665,27.97,101862.56,86.81,-44.66,-9.28,-0.60,-1.33,0.09,0.03,0.01,10899,-1
2021-04-28 14:58:05.860754,28.50,101848.60,86.95,-43.50,-9.24,-0.76,-1.39,0.28,-0.04,-0.07,3843,-1
2021-04-28 14:58:06.340602,28.83,101853.16,87.03,-43.88,-9.11,-0.93,-1.50,0.23,-0.02,0.07,639,-1
2021-04-28 14:58:06.820629,28.68,101853.38,87.10,-43.90,-9.90,-0.29,-0.84,-0.04,0.13,0.11,736,-1
2021-04-28 14:58:07.300514,28.44,101856.18,87.23,-44.13,-10.23,-0.30,-1.16,0.09,-0.03,0.02,3048,-1
2021-04-28 14:58:07.779986,28.52,101852.12,87.46,-43.79,-10.15,-0.42,-0.90,-0.00,0.03,0.07,1590,-1
2021-04-28 14:58:08.261859,28.67,101853.92,87.66,-43.94,-9.63,-0.92,-1.35,-0.02,0.09,-0.00,639,-1
2021-04-28 14:58:08.740447,28.68,101848.05,87.90,-43.46,-9.18,-0.86,-0.86,-0.00,-0.04,0.04,651,-1
2021-04-28 14:58:09.220203,28.55,101853.36,88.11,-43.90,-9.23,-0.67,-0.55,-0.00,0.11,0.28,776,-1
2021-04-28 14:58:09.702174,28.54,101852.74,88.41,-43.85,-9.89,0.01,-0.52,0.16,0.01,0.04,1297,-1
2021-04-28 14:58:10.180264,28.65,101853.07,88.55,-43.87,-10.09,-0.07,-0.75,-0.03,0.08,0.10,1055,-1
2021-04-28 14:58:10.660687,28.52,101851.34,88.76,-43.73,-9.49,0.27,-0.94,0.01,0.06,0.06,13170,-1
2021-04-28 14:58:11.140716,28.75,101851.52,88.85,-43.74,-8.78,-0.24,-1.01,0.20,0.12,0.07,14620,-1
2021-04-28 14:58:11.620786,28.92,101857.31,88.92,-44.23,-10.50,0.61,-0.89,-0.04,0.10,-0.01,18603,-1
2021-04-28 14:58:12.100611,29.04,101853.51,88.95,-43.91,-8.61,0.38,-0.57,0.01,0.10,-0.04,6362,-1
2021-04-28 14:58:12.580474,29.38,101854.95,88.99,-44.03,-9.84,-0.27,-0.87,0.01,-0.03,-0.03,909,-1
2021-04-28 14:58:13.060628,29.02,101856.50,89.04,-44.16,-9.11,0.04,-0.69,-0.13,0.08,-0.01,1486,-1
2021-04-28 14:58:13.539963,28.71,101853.20,89.09,-43.88,-9.88,-0.36,-0.19,0.07,-0.30,-0.09,814,-1
2021-04-28 14:58:14.020173,28.71,101848.92,89.20,-43.53,-9.25,-0.48,-0.38,-0.02,0.15,0.08,13572,-1
2021-04-28 14:58:14.500565,28.83,101851.06,89.03,-43.71,-9.18,-0.20,-0.57,0.05,0.01,0.11,11932,-1
2021-04-28 14:58:14.980539,28.98,101864.78,88.92,-44.84,-10.15,-0.44,0.06,0.22,0.02,-0.07,17221,-1
2021-04-28 14:58:15.460722,29.55,101853.68,88.79,-43.92,-9.12,-0.14,-0.62,-0.03,0.19,0.13,1832,-1
2021-04-28 14:58:15.940785,29.37,101857.02,88.66,-44.20,-9.46,0.77,-1.02,0.22,0.01,0.11,2014,-1
2021-04-28 14:58:16.420728,29.14,101853.36,88.61,-43.90,-9.80,0.34,-0.90,0.05,0.01,0.02,1695,-1
2021-04-28 14:58:16.900630,29.11,101854.06,88.58,-43.95,-10.25,0.50,-0.13,0.29,-0.11,-0.07,991,-1
2021-04-28 14:58:17.381177,29.05,101854.08,88.64,-43.96,-10.26,0.08,0.03,0.15,0.04,-0.02,4558,-1
2021-04-28 14:58:17.861156,29.30,101854.70,88.64,-44.01,-9.98,-0.13,0.77,-0.18,-0.34,0.10,1820,-1
2021-04-28 14:58:18.341154,29.38,101853.67,88.65,-43.92,-10.08,0.22,1.13,0.05,0.03,0.03,575,-1
2021-04-28 14:58:18.820821,29.34,101854.28,88.65,-43.97,-9.08,0.40,1.43,0.07,0.12,-0.03,580,-1
2021-04-28 14:58:19.300833,29.17,101854.95,88.69,-44.03,-9.97,0.22,0.98,0.06,0.12,-0.04,2122,-1
2021-04-28 14:58:19.780898,29.23,101849.78,88.71,-43.60,-9.77,-0.67,0.98,-0.25,0.12,-0.03,1128,-1
2021-04-28 14:58:20.260821,29.34,101849.84,88.70,-43.61,-9.19,-1.59,0.37,0.04,0.15,0.04,582,-1
2021-04-28 14:58:20.740870,29.34,101849.34,88.73,-43.56,-10.12,-0.74,-0.02,0.00,0.16,0.02,587,-1
2021-04-28 14:58:21.221068,29.28,101851.58,88.81,-43.75,-9.49,-1.01,-0.03,0.03,-0.17,-0.04,1410,-1
2021-04-28 14:58:21.700727,29.29,101853.42,88.94,-43.90,-10.06,-1.18,0.05,0.03,-0.02,-0.07,1085,-1
2021-04-28 14:58:22.181380,29.37,101855.30,89.01,-44.06,-9.34,-1.21,-0.12,-0.06,0.30,-0.05,732,-1
2021-04-28 14:58:22.660803,29.41,101854.83,89.07,-44.02,-10.03,-1.28,-1.40,0.03,0.16,0.09,897,-1
2021-04-28 14:58:23.140872,29.44,101856.12,89.07,-44.13,-9.58,-1.03,-1.23,0.06,0.11,0.05,527,-1
2021-04-28 14:58:23.621228,29.41,101853.55,89.08,-43.91,-8.98,-1.22,-1.55,0.07,0.05,0.03,540,-1
2021-04-28 14:58:24.100929,29.31,101855.27,89.12,-44.05,-9.55,-1.73,-1.38,0.02,-0.13,0.06,1159,-1
2021-04-28 14:58:24.580731,29.37,101849.66,89.02,-43.59,-8.88,-0.98,-1.48,-0.13,0.05,-0.01,1551,-1
2021-04-28 14:58:25.060903,29.49,101851.98,88.81,-43.78,-9.80,-0.18,-0.92,-0.09,0.06,0.04,9538,-1
2021-04-28 14:58:25.540925,29.61,101848.34,88.54,-43.48,-9.61,-1.10,-1.88,0.14,0.13,0.03,4812,-1
2021-04-28 14:58:26.021152,29.72,101853.17,88.53,-43.88,-9.36,-0.78,-1.98,0.02,0.07,0.02,837,-1
2021-04-28 14:58:26.500870,29.64,101849.91,88.78,-43.61,-8.99,-0.63,-1.92,-0.04,0.07,-0.00,1708,-1
2021-04-28 14:58:26.980860,29.47,101853.97,89.03,-43.95,-8.99,-0.57,-2.00,-0.06,0.01,-0.08,10981,-1
2021-04-28 14:58:27.461067,29.70,101854.10,88.71,-43.96,-9.67,-0.83,-1.44,-0.13,-0.01,-0.01,10853,-1
2021-04-28 14:58:27.940852,30.46,101854.47,88.85,-43.99,-9.82,-1.02,-1.93,0.02,-0.05,0.00,1908,-1
2021-04-28 14:58:28.420880,30.43,101857.47,89.64,-44.24,-8.86,-0.86,-1.79,-0.06,0.09,-0.02,558,-1
2021-04-28 14:58:28.900967,30.19,101857.34,90.43,-44.23,-10.11,-0.65,-1.83,0.09,0.10,0.06,675,-1
2021-04-28 14:58:29.380816,29.89,101855.42,91.14,-44.07,-9.54,-0.96,-2.46,-0.17,0.05,-0.03,697,-1
2021-04-28 14:58:29.860987,29.89,101853.09,91.71,-43.87,-9.06,-0.68,-2.02,-0.03,0.06,0.02,662,-1
2021-04-28 14:58:30.340971,29.97,101853.34,92.18,-43.90,-10.07,-0.52,-2.11,0.01,0.10,0.02,515,-1
2021-04-28 14:58:30.820444,30.00,101855.44,92.55,-44.07,-9.33,-0.96,-2.71,0.04,0.13,0.06,541,-1
2021-04-28 14:58:31.301008,30.00,101854.33,92.86,-43.98,-9.98,-0.50,-2.47,-0.02,0.08,0.05,672,-1
2021-04-28 14:58:31.780780,30.06,101853.75,93.14,-43.93,-9.43,-0.55,-2.63,0.07,0.04,0.06,711,-1
2021-04-28 14:58:32.261019,30.16,101855.50,93.32,-44.07,-8.96,-0.54,-2.11,0.02,0.05,0.03,501,-1
2021-04-28 14:58:32.741124,30.10,101856.16,93.48,-44.13,-9.21,-0.37,-1.87,0.04,0.10,0.04,643,-1
2021-04-28 14:58:33.221111,30.07,101864.66,93.62,-44.83,-9.56,-0.29,-2.01,0.09,0.14,0.07,31250,-1
2021-04-28 14:58:33.701858,30.53,101855.83,93.82,-44.10,-9.89,-0.57,-1.81,0.07,-0.00,0.07,4692,-1
2021-04-28 14:58:34.180905,30.48,101859.81,93.97,-44.43,-9.73,-0.12,-1.69,0.01,0.03,-0.07,3200,-1
2021-04-28 14:58:34.660913,30.47,101834.78,94.16,-42.36,-10.33,-0.19,-1.59,-0.06,0.09,-0.01,4197,-1
2021-04-28 14:58:35.141342,30.03,101834.22,94.19,-42.31,-10.14,-0.48,-1.59,0.09,0.03,0.04,4082,-1
2021-04-28 14:58:35.621191,29.70,101861.44,91.69,-44.57,-9.14,-0.69,-1.54,0.11,0.06,-0.01,2043,-1
2021-04-28 14:58:36.101083,30.07,101852.65,88.41,-43.84,-9.15,-0.87,-1.95,0.04,0.04,0.01,713,-1
2021-04-28 14:58:36.581045,30.22,101850.41,87.16,-43.65,-9.79,-0.81,-1.99,0.01,0.02,0.02,1441,-1
2021-04-28 14:58:37.060951,29.98,101849.32,86.94,-43.56,-10.13,-0.43,-1.47,0.06,-0.03,0.02,1125,-1
2021-04-28 14:58:37.540922,29.84,101852.30,86.09,-43.81,-9.71,-1.13,-2.08,-0.00,-0.06,-0.06,9803,-1
2021-04-28 14:58:38.021550,29.99,101850.09,84.52,-43.63,-9.12,-0.60,-1.70,0.03,0.02,-0.02,35875,-1
2021-04-28 14:58:38.501124,30.12,101854.27,83.97,-43.97,-9.73,-0.48,-1.85,-0.03,-0.02,-0.06,4419,-1
2021-04-28 14:58:38.981032,30.21,101854.96,84.19,-44.03,-9.31,-0.40,-1.74,-0.02,0.08,0.10,4364,-1
2021-04-28 14:58:39.461124,30.06,101857.42,84.62,-44.23,-9.15,0.03,-1.46,0.16,0.10,-0.05,23442,-1
2021-04-28 14:58:39.941233,30.16,101856.11,84.98,-44.12,-9.63,0.91,-2.07,0.25,0.15,0.19,11583,-1
2021-04-28 14:58:40.421365,30.28,101858.66,85.38,-44.34,-9.50,0.18,-1.64,0.11,-0.11,-0.05,1954,-1
2021-04-28 14:58:40.901203,30.46,101854.97,85.78,-44.03,-10.37,-0.37,-1.89,-0.05,0.32,0.11,1200,-1
2021-04-28 14:58:41.381116,30.17,101860.62,86.25,-44.50,-9.99,-0.25,-2.37,0.05,-0.10,0.11,694,-1
2021-04-28 14:58:41.861287,29.98,101854.16,86.67,-43.96,-10.23,0.57,-1.63,0.04,-0.18,-0.06,1906,-1
2021-04-28 14:58:42.341373,29.85,101855.24,86.82,-44.05,-9.68,0.56,-1.55,-0.04,-0.09,-0.08,9743,-1
2021-04-28 14:58:42.821372,29.95,101856.33,86.43,-44.14,-9.50,0.91,-1.86,0.03,0.01,-0.13,8007,-1
2021-04-28 14:58:43.301168,30.23,101858.30,85.85,-44.31,-9.95,0.92,-1.51,0.10,0.05,-0.07,1154,-1
2021-04-28 14:58:43.781049,30.23,101864.14,85.51,-44.79,-10.02,0.48,-2.88,-0.00,-0.05,-0.04,19960,-1
2021-04-28 14:58:44.261390,30.20,101861.47,85.40,-44.57,-8.71,-0.37,-2.39,0.08,-0.04,-0.08,24617,-1
2021-04-28 14:58:44.741351,30.31,101861.73,85.49,-44.59,-9.92,0.33,-1.91,0.03,0.02,-0.04,3632,-1
2021-04-28 14:58:45.220696,30.36,101857.62,85.66,-44.25,-8.46,-0.52,-1.95,0.04,0.08,0.03,22048,-1
2021-04-28 14:58:45.701348,30.58,101856.76,85.87,-44.18,-10.51,0.21,-2.23,0.11,-0.04,-0.01,6871,-1
2021-04-28 14:58:46.181208,30.65,101857.04,86.19,-44.20,-10.14,-0.47,-1.42,-0.09,0.02,-0.06,922,-1
2021-04-28 14:58:46.661242,30.24,101860.59,86.46,-44.50,-9.80,-0.32,-1.12,0.15,-0.19,-0.05,654,-1
2021-04-28 14:58:47.141349,30.08,101853.43,86.72,-43.90,-9.42,-0.10,-1.08,-0.10,-0.01,0.02,1802,-1
2021-04-28 14:58:47.621510,30.32,101855.11,86.87,-44.04,-9.51,0.18,-1.13,-0.07,-0.02,0.10,806,-1
2021-04-28 14:58:48.101415,30.35,101852.00,86.92,-43.78,-10.15,0.02,-1.37,-0.13,-0.09,-0.03,5727,-1
2021-04-28 14:58:48.581199,30.23,101852.02,86.89,-43.79,-10.18,0.77,-1.24,-0.12,0.16,0.25,1366,-1
2021-04-28 14:58:49.061549,30.55,101857.61,86.78,-44.25,-9.18,1.46,-2.90,0.06,0.04,0.08,964,-1
2021-04-28 14:58:49.541066,30.41,101860.97,86.71,-44.53,-9.12,0.48,-2.64,0.16,-0.13,-0.15,19233,-1
2021-04-28 14:58:50.021592,30.33,101854.95,86.74,-44.03,-8.66,0.11,-1.50,0.17,-0.03,0.06,5063,-1
2021-04-28 14:58:50.501622,30.40,101857.35,86.76,-44.23,-9.68,-0.79,-1.35,0.50,0.15,0.10,10757,-1
2021-04-28 14:58:50.981295,30.41,101857.12,86.86,-44.21,-8.61,-0.98,-1.26,-0.15,-0.04,-0.02,14485,-1
2021-04-28 14:58:51.461996,30.46,101855.30,86.96,-44.06,-8.78,-0.07,-1.94,0.04,-0.02,-0.04,7942,-1
2021-04-28 14:58:51.941673,30.43,101854.41,87.08,-43.98,-9.92,0.18,-2.11,-0.24,0.06,0.05,917,-1
2021-04-28 14:58:52.421408,30.36,101853.62,87.19,-43.92,-9.85,0.62,-1.58,-0.30,-0.15,0.10,1062,-1
2021-04-28 14:58:52.901475,30.13,101854.83,87.32,-44.02,-9.85,0.87,-2.09,-0.01,0.19,-0.06,38262,-1
2021-04-28 14:58:53.381620,30.24,101853.91,87.29,-43.94,-9.01,0.39,-1.51,0.31,0.00,0.05,40366,-1
2021-04-28 14:58:53.861402,30.34,101858.34,87.18,-44.31,-9.48,-0.30,-2.04,0.05,0.09,-0.07,2252,-1
2021-04-28 14:58:54.341571,30.47,101854.69,87.02,-44.01,-9.53,0.28,-1.18,0.15,0.06,-0.04,1107,-1
2021-04-28 14:58:54.821617,30.28,101859.22,86.98,-44.38,-9.80,0.09,-1.64,0.22,-0.07,0.00,34361,-1
2021-04-28 14:58:55.301398,30.35,101854.45,87.01,-43.99,-9.47,-0.06,-0.81,0.41,0.14,-0.10,4443,-1
2021-04-28 14:58:55.781323,30.46,101855.30,86.95,-44.06,-9.10,-0.17,-0.55,0.52,0.05,0.17,1265,-1
2021-04-28 14:58:56.261322,30.49,101856.14,87.00,-44.13,-9.42,-0.52,-0.37,-0.45,0.21,0.02,461,-1
2021-04-28 14:58:56.741559,30.37,101857.23,87.03,-44.22,-9.91,1.00,-0.13,-0.99,0.05,-0.18,24450,-1
2021-04-28 14:58:57.221803,30.39,101856.23,87.13,-44.13,-9.67,-0.40,-0.30,0.17,-0.19,0.02,8951,-1
2021-04-28 14:58:57.701677,30.44,101855.47,87.28,-44.07,-9.87,0.52,-0.74,0.20,0.15,0.14,1202,-1
2021-04-28 14:58:58.181475,30.32,101857.00,87.38,-44.20,-10.62,-0.25,-1.66,-0.02,-0.07,-0.10,1338,-1
2021-04-28 14:58:58.661639,30.32,101853.45,87.46,-43.90,-9.54,-0.16,-0.31,-0.13,-0.11,-0.05,2336,-1
2021-04-28 14:58:59.141652,30.41,101854.46,87.51,-43.99,-9.92,1.02,-0.31,0.67,0.03,-0.01,9612,-1
2021-04-28 14:58:59.621306,30.43,101855.12,87.50,-44.04,-9.83,-0.42,-1.45,0.07,0.03,0.09,14163,-1
2021-04-28 14:59:00.101749,30.48,101851.02,87.55,-43.70,-10.29,-0.75,-0.73,-0.26,0.14,0.04,719,-1
2021-04-28 14:59:00.581418,30.48,101857.70,87.57,-44.26,-10.29,-0.10,-1.16,0.13,0.09,0.05,644,-1
2021-04-28 14:59:01.061608,30.33,101854.28,87.66,-43.97,-9.17,-0.34,-0.83,-0.02,-0.20,-0.04,24324,-1
2021-04-28 14:59:01.541712,30.36,101850.84,87.69,-43.69,-10.14,0.26,-0.41,-0.33,0.03,-0.21,15791,-1
2021-04-28 14:59:02.021641,30.37,101853.62,87.65,-43.92,-9.42,-0.90,-0.65,0.17,0.03,-0.09,556,-1
2021-04-28 14:59:02.501215,30.38,101855.91,87.62,-44.11,-9.38,-0.60,-0.15,0.04,0.05,-0.05,9423,-1
2021-04-28 14:59:02.981439,30.42,101851.30,87.58,-43.73,-10.35,-0.43,-0.09,0.09,-0.13,0.11,37597,-1
2021-04-28 14:59:03.461702,30.61,101855.70,87.66,-44.09,-9.14,-0.40,-0.58,0.27,-0.08,-0.04,19189,-1
2021-04-28 14:59:03.941758,30.69,101854.81,87.65,-44.02,-8.55,-0.92,-0.70,-0.05,0.17,-0.09,3172,-1
2021-04-28 14:59:04.421981,30.65,101852.75,87.73,-43.85,-10.19,-1.14,-0.73,-0.37,-0.19,0.00,989,-1
2021-04-28 14:59:04.901255,30.35,101857.56,87.84,-44.25,-9.31,-0.69,-0.34,-0.15,-0.03,-0.04,560,-1
2021-04-28 14:59:05.381525,30.30,101856.95,87.83,-44.19,-9.77,-1.08,-0.32,-0.12,0.01,-0.17,496,-1
2021-04-28 14:59:05.861865,30.32,101852.61,87.64,-43.83,-10.52,-0.86,-0.22,-0.05,-0.03,-0.01,398,-1
2021-04-28 14:59:06.341793,30.32,101851.11,87.25,-43.71,-9.64,-0.78,0.27,-0.02,-0.71,0.03,663,-1
2021-04-28 14:59:06.821848,30.26,101850.86,86.70,-43.69,-10.06,-0.85,0.93,0.24,0.10,-0.09,655,-1
2021-04-28 14:59:07.302183,30.30,101850.94,85.90,-43.70,-9.36,-0.71,0.87,0.23,0.06,0.05,638,-1
2021-04-28 14:59:07.781541,30.34,101854.89,84.99,-44.02,-10.15,0.01,1.05,0.39,-0.07,0.06,747,-1
2021-04-28 14:59:08.261724,30.30,101848.27,84.20,-43.47,-9.27,-0.21,-0.14,0.17,0.10,-0.09,2497,-1
2021-04-28 14:59:08.741821,30.40,101846.56,83.32,-43.33,-9.28,0.20,-0.29,0.09,0.17,-0.06,998,-1
2021-04-28 14:59:09.221986,30.46,101846.68,82.58,-43.34,-10.12,-0.08,-1.10,-0.05,0.05,-0.03,1242,-1
2021-04-28 14:59:09.701742,30.32,101851.00,82.28,-43.70,-9.85,-0.10,-1.13,-0.11,0.05,0.02,645,-1
2021-04-28 14:59:10.181743,30.32,101849.83,82.13,-43.60,-9.36,-0.32,-1.37,-0.02,-0.05,-0.06,1877,-1
2021-04-28 14:59:10.661789,30.42,101850.18,81.77,-43.63,-10.41,0.95,-0.44,-0.10,-0.04,0.03,1039,-1
2021-04-28 14:59:11.143053,30.40,101849.73,81.44,-43.60,-6.44,-0.03,0.47,-0.03,-0.13,-0.01,1822,-1
2021-04-28 14:59:11.621243,30.44,101852.35,81.27,-43.81,-11.52,0.17,-1.55,0.21,0.08,0.03,732,-1
2021-04-28 14:59:12.101996,30.38,101850.45,81.32,-43.66,-10.05,0.89,-0.84,0.06,-0.01,-0.01,9246,-1
2021-04-28 14:59:12.581755,30.37,101849.67,81.30,-43.59,-9.04,0.50,-0.59,0.11,-0.07,0.01,15052,-1
2021-04-28 14:59:13.061855,30.46,101849.46,81.26,-43.57,-10.02,0.24,-1.67,-0.07,0.36,0.02,10652,-1
2021-04-28 14:59:13.541854,30.52,101848.59,81.19,-43.50,-9.22,0.28,-2.14,0.08,0.06,0.10,13743,-1
2021-04-28 14:59:14.021480,30.52,101853.05,81.30,-43.87,-9.24,0.36,-1.54,0.06,-0.00,-0.11,9770,-1
2021-04-28 14:59:14.501714,30.54,101851.83,81.52,-43.77,-9.44,0.09,-1.14,0.05,-0.37,-0.11,12351,-1
2021-04-28 14:59:14.981791,30.51,101855.66,81.87,-44.09,-9.77,0.86,-1.01,0.09,-0.06,0.07,6481,-1
2021-04-28 14:59:15.461915,30.52,101851.94,82.24,-43.78,-10.29,0.66,-0.86,0.21,0.13,0.02,2926,-1
2021-04-28 14:59:15.941916,30.54,101852.66,82.59,-43.84,-8.99,0.71,-2.89,0.12,0.18,0.17,1669,-1
2021-04-28 14:59:16.421963,30.58,101854.53,83.07,-43.99,-8.53,0.66,-3.27,0.25,-0.07,-0.01,634,-1
2021-04-28 14:59:16.901870,30.41,101854.08,83.58,-43.96,-9.81,1.43,-2.12,-0.02,-0.28,-0.13,2670,-1
2021-04-28 14:59:17.381793,30.41,101852.34,84.03,-43.81,-8.81,1.24,-1.66,0.11,-0.21,0.15,2030,-1
2021-04-28 14:59:17.861963,30.50,101850.77,84.46,-43.68,-9.90,-0.29,-1.47,-0.15,0.10,-0.41,989,-1
2021-04-28 14:59:18.341567,30.42,101853.62,84.77,-43.92,-8.62,0.84,-1.86,0.25,-0.00,0.34,1105,-1
2021-04-28 14:59:18.822057,30.47,101851.19,84.89,-43.72,-10.14,1.22,-2.14,-0.01,-0.11,-0.08,2372,-1
2021-04-28 14:59:19.301919,30.55,101853.83,84.80,-43.94,-9.69,1.67,-1.13,0.17,-0.27,-0.10,1091,-1
2021-04-28 14:59:19.781847,30.55,101852.14,84.71,-43.80,-9.59,1.79,-1.34,0.03,0.03,-0.13,2862,-1
2021-04-28 14:59:20.262013,30.49,101852.63,84.73,-43.84,-9.08,1.64,-1.49,0.14,0.16,0.04,1783,-1
2021-04-28 14:59:20.741959,30.59,101854.14,84.77,-43.96,-9.67,1.34,-1.59,0.21,-0.05,-0.04,10415,-1
2021-04-28 14:59:21.222282,30.59,101851.86,84.86,-43.77,-9.45,1.00,-1.36,-0.06,-0.03,-0.08,10003,-1
2021-04-28 14:59:21.701864,30.73,101853.67,84.94,-43.92,-9.52,1.64,-1.18,0.09,0.06,0.12,2258,-1
2021-04-28 14:59:22.181868,30.69,101853.93,85.07,-43.94,-9.53,0.86,-2.00,-0.02,0.05,-0.00,552,-1
2021-04-28 14:59:22.662188,30.62,101855.15,85.29,-44.04,-8.98,1.22,-1.51,0.07,0.03,-0.04,849,-1
2021-04-28 14:59:23.141974,30.43,101851.41,85.45,-43.74,-9.66,1.48,-1.49,0.11,0.01,0.03,1988,-1
2021-04-28 14:59:23.622237,30.50,101852.03,85.59,-43.79,-10.05,1.03,-1.79,0.03,-0.00,-0.03,2765,-1
2021-04-28 14:59:24.102312,30.71,101848.97,85.56,-43.53,-8.89,0.97,-1.92,0.10,0.05,-0.07,1024,-1
2021-04-28 14:59:24.581868,30.81,101855.11,85.49,-44.04,-9.33,1.59,-1.41,0.14,0.04,-0.01,464,-1
2021-04-28 14:59:25.061704,30.74,101853.78,85.45,-43.93,-10.02,1.14,-2.20,0.20,0.02,-0.02,20490,-1
2021-04-28 14:59:25.542228,30.59,101851.86,85.59,-43.77,-9.25,0.69,-2.33,0.10,0.00,0.03,8278,-1
2021-04-28 14:59:26.021580,30.64,101855.38,85.63,-44.06,-9.57,1.12,-1.67,0.19,0.11,0.03,7908,-1
2021-04-28 14:59:26.502529,30.62,101853.42,85.66,-43.90,-9.96,1.00,-2.15,0.00,0.13,0.05,5524,-1
2021-04-28 14:59:26.981918,30.64,101852.25,85.71,-43.80,-8.88,0.88,-1.84,-0.01,0.01,0.00,808,-1
2021-04-28 14:59:27.462099,30.70,101856.44,85.75,-44.15,-9.66,0.98,-1.62,0.06,-0.04,-0.00,484,-1
2021-04-28 14:59:27.942094,30.64,101853.42,85.83,-43.90,-9.85,0.93,-2.07,-0.08,-0.05,0.01,597,-1
2021-04-28 14:59:28.421411,30.56,101850.47,85.90,-43.66,-9.53,0.08,-1.71,0.12,-0.31,-0.16,1529,-1
2021-04-28 14:59:28.901415,30.63,101852.92,85.85,-43.86,-8.95,0.64,0.02,-0.30,-0.20,0.02,528,-1
2021-04-28 14:59:29.381739,30.59,101850.97,85.63,-43.70,-9.77,0.31,1.56,0.00,-0.08,-0.00,10324,-1
2021-04-28 14:59:29.861374,30.67,101849.92,85.25,-43.72,-10.59,0.61,1.16,-0.03,0.04,0.22,13326,-1
2021-04-28 14:59:30.341649,30.72,101851.20,84.86,-43.72,-10.40,0.25,0.70,0.22,0.00,0.11,4853,-1
2021-04-28 14:59:30.822111,30.74,101852.61,84.54,-43.83,-9.65,0.61,0.20,0.06,-0.02,-0.04,1692,-1
2021-04-28 14:59:31.302154,30.74,101854.78,84.33,-44.01,-9.27,0.79,0.71,0.07,0.00,0.02,1164,-1
2021-04-28 14:59:31.782080,30.62,101855.93,84.28,-44.11,-9.27,0.87,0.30,0.08,0.11,-0.04,10485,-1
2021-04-28 14:59:32.261671,30.65,101853.92,84.30,-43.94,-9.56,1.16,0.73,0.08,-0.05,-0.08,5604,-1
2021-04-28 14:59:32.741955,30.74,101851.33,84.23,-43.73,-9.96,1.02,0.38,0.24,0.18,-0.01,748,-1
2021-04-28 14:59:33.222294,30.63,101853.03,84.16,-43.87,-10.40,0.94,-0.69,0.05,-0.08,-0.03,35916,-1
2021-04-28 14:59:33.702180,30.74,101852.28,84.06,-43.81,-10.17,0.50,-0.17,-0.11,-0.19,-0.03,24987,-1
2021-04-28 14:59:34.181744,30.86,101851.49,84.04,-43.74,-9.45,0.84,0.36,-0.01,-0.03,-0.06,759,-1
2021-04-28 14:59:34.662224,30.92,101853.94,84.04,-43.94,-10.57,0.62,-1.18,1.13,0.35,0.27,538,-1
2021-04-28 14:59:35.142260,30.62,101851.92,84.14,-43.78,-9.90,1.64,-1.94,0.16,0.13,0.20,3532,-1
2021-04-28 14:59:35.622102,30.63,101845.25,84.26,-43.22,-9.30,2.41,-1.93,0.20,0.05,0.11,5871,-1
2021-04-28 14:59:36.102140,30.82,101851.50,84.24,-43.74,-8.67,0.56,-2.90,0.11,0.01,0.07,1903,-1
2021-04-28 14:59:36.582131,30.84,101851.61,84.22,-43.75,-8.22,1.29,-2.27,0.29,0.10,0.05,568,-1
2021-04-28 14:59:37.061458,30.69,101850.98,84.32,-43.70,-8.26,2.23,-3.05,0.16,0.07,0.23,550,-1
2021-04-28 14:59:37.541488,30.66,101848.42,84.47,-43.49,-8.11,1.58,-3.13,0.00,-0.03,-0.34,843,-1
2021-04-28 14:59:38.021583,30.72,101848.81,84.51,-43.52,-7.86,2.26,-2.66,0.12,0.19,-0.08,4058,-1
2021-04-28 14:59:38.502021,30.82,101849.89,84.38,-43.61,-7.81,2.38,-3.85,-0.05,0.15,-0.06,553,-1
2021-04-28 14:59:38.982130,30.80,101850.89,84.30,-43.69,-9.10,3.19,-3.97,-0.04,-0.03,-0.07,3147,-1
2021-04-28 14:59:39.462661,30.87,101851.27,84.28,-43.72,-8.68,1.94,-4.06,-0.07,-0.01,-0.26,777,-1
2021-04-28 14:59:39.941669,30.71,101851.09,84.41,-43.71,-7.85,1.50,-4.29,-0.17,0.13,-0.02,628,-1
2021-04-28 14:59:40.421852,30.71,101847.30,84.46,-43.39,-9.03,2.04,-2.71,-0.31,-0.06,-0.20,1045,-1
2021-04-28 14:59:40.901946,30.79,101849.39,84.37,-43.57,-9.23,1.95,-2.54,-0.78,-0.06,-0.24,5989,-1
2021-04-28 14:59:41.382218,30.87,101846.27,84.22,-43.31,-9.40,2.76,-1.84,-0.61,-0.01,-0.05,2023,-1
2021-04-28 14:59:41.862410,30.94,101854.05,84.07,-43.95,-9.01,1.54,-2.79,0.17,0.14,-0.02,525,-1
2021-04-28 14:59:42.342466,30.90,101853.00,84.04,-43.87,-9.47,2.48,-2.10,0.06,-0.03,-0.08,566,-1
2021-04-28 14:59:42.822102,30.72,101850.59,84.21,-43.67,-9.64,1.37,-2.69,0.16,-0.05,0.01,545,-1
2021-04-28 14:59:43.302402,30.73,101849.44,84.32,-43.57,-9.39,1.35,-2.89,0.12,-0.11,-0.08,18814,-1
2021-04-28 14:59:43.782295,30.82,101848.38,84.25,-43.48,-8.72,1.54,-2.26,0.11,0.03,-0.07,1635,-1
2021-04-28 14:59:44.262423,30.90,101847.27,84.01,-43.39,-9.11,1.35,-2.54,0.05,0.02,0.01,502,-1
2021-04-28 14:59:44.742413,30.76,101848.16,83.85,-43.47,-8.62,1.20,-2.23,0.10,-0.03,-0.06,1643,-1
2021-04-28 14:59:45.222518,30.80,101844.66,83.67,-43.18,-9.21,1.38,-2.12,0.07,-0.05,-0.03,1120,-1
2021-04-28 14:59:45.702398,30.90,101850.27,83.36,-43.64,-9.45,1.24,-1.95,0.42,-0.06,-0.16,697,-1
2021-04-28 14:59:46.182209,30.93,101848.38,83.11,-43.48,-9.66,-0.43,-1.75,0.47,-0.11,-0.14,499,-1
2021-04-28 14:59:46.662374,30.82,101850.55,83.01,-43.66,-9.34,-1.00,-1.02,0.01,-0.12,-0.05,563,-1
2021-04-28 14:59:47.142113,30.72,101845.25,83.07,-43.22,-9.47,-1.66,-1.47,0.08,-0.08,-0.07,471,-1
2021-04-28 14:59:47.622352,30.75,101846.66,82.84,-43.34,-9.99,-0.62,-1.46,0.17,0.05,-0.08,656,-1
2021-04-28 14:59:48.101431,30.76,101844.16,82.09,-43.13,-8.97,-1.36,-1.51,0.11,0.04,-0.04,945,-1
2021-04-28 14:59:48.582076,30.81,101845.22,80.90,-43.22,-10.18,-1.33,-1.55,-0.01,-0.08,-0.12,2679,-1
2021-04-28 14:59:49.062283,30.86,101843.65,79.72,-43.09,-9.07,-1.39,-0.78,0.10,-0.06,-0.04,7959,-1
2021-04-28 14:59:49.542272,31.05,101843.42,78.88,-43.07,-9.58,-0.51,-0.64,-0.21,-0.10,0.09,437,-1
2021-04-28 14:59:50.023020,31.00,101847.39,78.61,-43.40,-10.41,-0.41,-1.33,0.21,0.11,-0.02,1762,-1
2021-04-28 14:59:50.501642,30.80,101852.17,78.68,-43.80,-10.34,0.13,-0.53,0.11,-0.13,-0.06,4145,-1
2021-04-28 14:59:50.982009,30.80,101847.38,78.96,-43.40,-9.20,-0.48,-0.07,0.16,-0.02,-0.04,3221,-1
2021-04-28 14:59:51.462150,30.97,101845.00,79.13,-43.20,-10.63,-0.80,-0.85,0.15,-0.16,-0.13,955,-1
2021-04-28 14:59:51.942215,30.98,101846.28,79.35,-43.31,-9.99,-1.29,-0.78,0.10,0.01,-0.05,3169,-1
2021-04-28 14:59:52.422645,30.95,101850.17,79.70,-43.63,-11.35,-0.97,-0.49,0.07,0.00,-0.01,4878,-1
2021-04-28 14:59:52.902165,30.92,101851.88,80.09,-43.77,-9.44,-1.03,0.11,0.14,0.09,0.10,3694,-1
2021-04-28 14:59:53.381962,30.84,101843.20,80.57,-43.05,-8.57,-1.68,-0.32,0.15,-0.04,-0.15,4848,-1
2021-04-28 14:59:53.862222,30.74,101849.11,80.96,-43.55,-10.24,-0.55,-1.26,0.02,0.12,0.07,11567,-1
2021-04-28 14:59:54.342152,30.82,101850.55,80.81,-43.66,-9.80,-0.45,-0.64,0.10,-0.13,-0.11,631,-1
2021-04-28 14:59:54.822250,30.78,101843.71,80.39,-43.10,-8.75,-1.75,-0.49,0.10,-0.06,-0.04,519,-1
2021-04-28 14:59:55.301913,30.76,101848.22,79.65,-43.47,-9.99,-1.22,-0.28,0.15,-0.21,-0.09,1004,-1
2021-04-28 14:59:55.782025,30.76,101844.05,78.12,-43.12,-8.72,-0.74,0.77,0.20,-0.10,-0.15,776,-1
2021-04-28 14:59:56.262220,30.74,101840.54,75.95,-42.83,-9.83,-0.24,1.24,-0.37,-0.26,0.06,514,-1
2021-04-28 14:59:56.741907,30.73,101843.99,73.23,-43.12,-8.97,-1.82,1.50,0.19,0.19,0.12,548,-1
2021-04-28 14:59:57.222106,30.72,101839.23,70.24,-42.73,-10.58,-0.25,0.63,0.15,0.33,0.25,2490,-1
2021-04-28 14:59:57.702154,30.72,101838.96,67.18,-42.70,-9.56,-0.11,-1.47,-0.07,0.39,0.07,32867,-1
2021-04-28 14:59:58.181938,30.81,101844.32,64.50,-43.15,-10.07,1.06,-2.27,0.06,0.02,0.08,8946,-1
2021-04-28 14:59:58.662298,30.77,101839.20,63.26,-42.72,-9.38,-0.66,-2.14,0.47,-0.42,-0.10,15040,-1
2021-04-28 14:59:59.142261,30.77,101850.50,63.39,-43.62,-8.97,0.41,-1.69,0.01,0.31,0.18,31227,-1
2021-04-28 14:59:59.621724,31.24,101842.84,64.39,-43.02,-10.31,-0.03,-1.99,-0.10,-0.09,0.02,25402,-1
2021-04-28 15:00:00.102205,31.30,101842.82,65.98,-43.02,-9.08,-0.21,-0.97,0.13,-0.02,-0.05,1449,-1
2021-04-28 15:00:00.581886,30.98,101863.86,67.78,-43.55,-9.28,-0.06,-1.17,-0.03,-0.03,-0.05,1025,-1
2021-04-28 15:00:01.061672,30.59,101847.03,69.51,-43.37,-9.20,-0.12,-1.50,0.22,-0.10,-0.02,1940,-1
2021-04-28 15:00:01.542118,30.73,101846.94,70.30,-43.36,-9.78,-0.03,-0.95,-0.02,-0.13,-0.06,3430,-1
2021-04-28 15:00:02.022127,30.98,101841.33,70.46,-42.59,-9.83,0.01,-1.17,-0.15,0.06,-0.05,2266,-1
2021-04-28 15:00:02.501870,31.03,101845.21,70.99,-43.22,-8.95,-0.81,-1.58,0.19,-0.14,-0.04,734,-1
2021-04-28 15:00:02.981906,30.76,101846.88,71.92,-43.36,-9.58,-0.31,-0.68,0.16,-0.04,-0.04,2877,-1
2021-04-28 15:00:03.462165,30.81,101849.89,72.76,-43.61,-9.59,-0.18,-0.70,0.12,-0.10,-0.04,1174,-1
2021-04-28 15:00:03.941824,30.88,101845.66,73.27,-43.26,-9.46,-0.48,-1.49,0.05,-0.09,-0.04,2080,-1
2021-04-28 15:00:04.422416,30.71,101850.20,73.84,-43.64,-9.95,-0.43,-1.07,-0.14,-0.12,-0.10,25605,-1
2021-04-28 15:00:04.901473,30.78,101847.22,73.67,-43.39,-9.24,-0.04,-1.02,-0.05,-0.05,0.01,19447,-1
2021-04-28 15:00:05.381908,30.84,101846.60,73.12,-43.34,-9.83,0.21,-1.31,0.23,0.01,0.12,18527,-1
2021-04-28 15:00:05.861976,30.88,101846.60,72.82,-43.34,-8.49,-0.01,-1.20,0.12,-0.07,0.08,13889,-1
2021-04-28 15:00:06.341547,31.07,101840.31,73.07,-42.81,-10.21,0.46,-0.88,0.04,-0.08,-0.04,6496,-1
2021-04-28 15:00:06.821264,31.39,101843.30,73.68,-43.06,-9.14,0.21,-1.52,-0.09,0.05,-0.04,701,-1
2021-04-28 15:00:07.301982,31.06,101848.33,74.59,-43.48,-9.33,0.03,-1.48,0.33,-0.15,-0.06,1287,-1
2021-04-28 15:00:07.781819,30.75,101851.45,75.54,-43.74,-10.13,0.34,-0.80,0.20,-0.01,0.11,2771,-1
2021-04-28 15:00:08.262070,31.13,101845.84,76.30,-43.27,-10.46,-0.12,-0.28,-0.03,-0.06,0.16,1589,-1
2021-04-28 15:00:08.741889,31.22,101847.80,76.94,-43.44,-9.28,-0.02,-0.20,0.18,-0.02,-0.04,1209,-1
2021-04-28 15:00:09.221719,30.77,101854.17,77.60,-43.96,-10.50,0.54,-0.43,0.15,0.13,0.07,32566,-1
2021-04-28 15:00:09.702069,30.75,101848.55,78.05,-43.50,-9.83,0.40,-0.20,0.31,0.11,-0.03,37937,-1
2021-04-28 15:00:10.181346,30.90,101851.77,78.06,-43.77,-10.27,0.31,-0.79,0.04,-0.09,-0.10,8054,-1
2021-04-28 15:00:10.661265,30.89,101851.66,78.08,-43.76,-9.51,1.09,-0.78,-0.05,-0.03,0.27,2558,-1
2021-04-28 15:00:11.142045,30.86,101855.78,78.23,-44.10,-9.61,0.81,-0.47,0.09,-0.02,-0.08,10228,-1
2021-04-28 15:00:11.621600,30.91,101852.33,78.43,-43.81,-9.38,0.61,-0.96,0.00,0.02,-0.07,10976,-1
2021-04-28 15:00:12.101235,30.97,101852.79,78.70,-43.85,-9.33,-0.01,-1.08,0.02,-0.12,-0.05,777,-1
2021-04-28 15:00:12.581723,31.06,101850.72,78.96,-43.68,-9.98,0.35,-0.25,0.09,0.00,0.00,1232,-1
2021-04-28 15:00:13.062134,31.11,101852.36,79.37,-43.81,-10.10,0.20,-0.01,0.10,-0.04,-0.02,559,-1
2021-04-28 15:00:13.541624,31.07,101852.83,79.82,-43.85,-9.72,-0.14,-0.70,-0.01,-0.25,0.01,2879,-1
2021-04-28 15:00:14.021913,30.87,101854.61,80.31,-44.00,-9.65,-0.05,0.94,0.08,0.12,0.00,20240,-1
2021-04-28 15:00:14.501966,31.10,101848.93,80.76,-43.53,-9.76,0.62,-0.37,0.07,0.26,0.29,2534,-1
2021-04-28 15:00:14.981895,31.21,101850.19,81.22,-43.63,-9.08,0.39,-1.12,0.14,-0.04,-0.09,11921,-1
2021-04-28 15:00:15.462051,31.03,101837.86,81.68,-42.61,-10.16,0.33,-1.42,0.04,-0.00,-0.08,2707,-1
2021-04-28 15:00:15.941223,30.76,101853.45,82.02,-43.90,-10.32,-0.16,-1.77,0.14,0.00,-0.05,3594,-1
2021-04-28 15:00:16.422127,31.03,101846.71,81.82,-43.35,-9.05,0.42,-1.34,-0.01,-0.04,0.04,2179,-1
2021-04-28 15:00:16.902060,31.25,101850.12,81.44,-43.63,-9.99,0.27,-1.27,-0.02,-0.14,-0.04,1102,-1
2021-04-28 15:00:17.382043,31.27,101849.17,81.31,-43.55,-10.41,0.73,-0.81,0.17,-0.06,0.04,4534,-1
2021-04-28 15:00:17.861906,30.93,101844.92,81.42,-43.20,-10.17,0.49,-0.45,0.02,-0.64,-0.00,2996,-1
2021-04-28 15:00:18.341309,30.87,101850.94,81.21,-43.70,-9.63,0.72,-0.66,-0.10,0.01,-0.24,2910,-1
2021-04-28 15:00:18.822108,31.14,101848.56,80.48,-43.50,-9.94,0.80,0.23,0.33,-0.10,-0.02,590,-1
2021-04-28 15:00:19.301579,31.13,101849.45,80.04,-43.57,-9.20,0.25,0.12,0.18,-0.03,-0.10,620,-1
2021-04-28 15:00:19.781881,30.89,101850.99,79.91,-43.70,-10.37,0.46,-0.41,0.07,0.02,-0.06,825,-1
2021-04-28 15:00:20.262121,30.89,101849.94,79.78,-43.61,-8.96,0.12,-0.31,0.16,-0.04,-0.02,1413,-1
2021-04-28 15:00:20.741809,31.09,101845.03,79.17,-43.21,-10.25,0.94,-0.67,0.11,0.01,-0.06,673,-1
2021-04-28 15:00:21.222183,31.01,101851.28,78.75,-43.72,-9.28,-0.09,-0.50,0.04,-0.12,-0.07,2556,-1
2021-04-28 15:00:21.701621,31.00,101846.27,78.53,-43.31,-10.26,-0.29,-0.58,0.22,0.02,-0.16,5702,-1
2021-04-28 15:00:22.181454,31.21,101848.08,78.46,-43.46,-9.51,-0.51,-0.47,0.07,0.05,-0.07,1619,-1
2021-04-28 15:00:22.662055,31.22,101851.86,78.60,-43.77,-9.40,-0.18,-0.10,0.64,-0.01,-0.19,673,-1
2021-04-28 15:00:23.141667,31.11,101851.77,78.93,-43.76,-9.77,-0.88,0.19,0.07,-0.13,-0.01,3508,-1
2021-04-28 15:00:23.621799,30.89,101846.59,79.42,-43.34,-9.30,-0.31,0.53,0.01,-0.04,-0.02,1023,-1
2021-04-28 15:00:24.102024,30.89,101853.55,79.58,-43.91,-8.58,-0.28,1.24,-0.03,-0.10,0.38,1718,-1
2021-04-28 15:00:24.582037,31.07,101845.77,79.02,-43.27,-10.40,1.40,-0.19,-0.10,-0.01,-0.06,1413,-1
2021-04-28 15:00:25.062223,30.93,101847.54,78.46,-43.41,-9.21,0.29,0.56,0.14,-0.24,0.05,2303,-1
2021-04-28 15:00:25.542559,31.02,101844.60,77.88,-43.17,-9.04,0.26,-0.03,0.33,-0.03,-0.11,941,-1
2021-04-28 15:00:26.022263,31.08,101840.75,77.26,-42.85,-10.07,-0.31,-0.56,-0.11,-0.22,-0.03,600,-1
2021-04-28 15:00:26.501709,31.03,101841.48,77.61,-42.91,-9.78,-0.04,-0.27,-0.03,0.16,0.05,869,-1
2021-04-28 15:00:26.982402,30.97,101855.52,78.34,-44.08,-9.84,0.24,0.26,0.06,-0.04,-0.08,1566,-1
2021-04-28 15:00:27.462238,31.07,101848.99,78.97,-43.54,-10.19,0.80,0.39,0.05,-0.03,0.02,807,-1
2021-04-28 15:00:27.941694,31.11,101841.84,79.67,-42.94,-10.37,0.59,-0.18,0.01,-0.23,-0.00,1274,-1
2021-04-28 15:00:28.421914,30.96,101847.50,80.37,-43.41,-8.77,0.54,-0.04,0.05,-0.12,-0.01,1067,-1
2021-04-28 15:00:28.901649,30.92,101853.44,78.38,-43.90,-9.50,0.99,0.56,0.07,0.02,-0.09,4232,-1
2021-04-28 15:00:29.382024,31.12,101850.69,74.88,-43.68,-9.38,0.72,0.86,0.04,-0.03,-0.05,1401,-1
2021-04-28 15:00:29.861932,31.29,101848.39,74.87,-43.48,-9.07,0.28,0.99,0.08,-0.23,-0.04,703,-1
2021-04-28 15:00:30.342242,31.23,101842.84,76.75,-43.02,-9.50,-0.30,0.91,0.09,-0.09,-0.01,890,-1
2021-04-28 15:00:30.822271,31.02,101860.36,78.57,-44.48,-10.09,0.59,1.30,0.09,0.00,-0.03,12775,-1
2021-04-28 15:00:31.301928,31.09,101853.27,79.67,-43.96,-9.73,0.62,1.34,0.08,0.01,-0.03,3502,-1
2021-04-28 15:00:31.782298,31.18,101846.78,81.01,-43.35,-10.68,0.32,1.17,0.00,-0.11,-0.05,815,-1
2021-04-28 15:00:32.262085,31.10,101845.87,82.24,-43.28,-9.55,0.29,1.66,0.05,-0.08,-0.03,792,-1
2021-04-28 15:00:32.742139,30.98,101854.34,82.82,-44.75,-9.57,0.21,1.06,0.07,0.03,-0.01,5800,-1
2021-04-28 15:00:33.222258,31.19,101855.38,82.22,-44.06,-10.37,0.31,1.15,0.05,-0.04,-0.04,2412,-1
2021-04-28 15:00:33.702366,31.36,101851.09,82.54,-43.71,-10.09,0.02,1.09,0.10,-0.03,-0.00,679,-1
2021-04-28 15:00:34.182115,31.26,101845.83,83.57,-43.27,-10.15,0.51,1.14,0.06,-0.02,-0.05,4392,-1
2021-04-28 15:00:34.661834,30.99,101856.58,84.32,-44.16,-9.01,0.10,1.76,0.13,0.02,0.09,12476,-1
2021-04-28 15:00:35.142327,31.02,101841.92,82.95,-42.95,-10.02,0.39,0.45,-0.13,-0.13,-0.15,4118,-1
2021-04-28 15:00:35.621998,31.03,101849.61,80.12,-43.59,-9.34,1.15,1.35,0.10,-0.12,0.22,21330,-1
2021-04-28 15:00:36.101895,31.14,101846.01,76.66,-43.29,-8.97,0.28,2.03,0.14,-0.17,0.07,11899,-1
2021-04-28 15:00:36.582837,31.14,101848.34,75.74,-43.48,-9.58,1.92,1.81,-0.53,-0.29,0.16,15284,-1
2021-04-28 15:00:37.061872,31.27,101849.90,76.08,-43.61,-8.59,0.99,2.40,-0.00,0.08,-0.01,2459,-1
2021-04-28 15:00:37.542504,31.35,101851.27,77.02,-43.72,-8.31,1.52,3.19,0.19,-0.11,0.02,609,-1
2021-04-28 15:00:38.022379,31.28,101852.02,78.29,-43.79,-9.76,1.53,2.91,0.45,0.13,-0.14,19404,-1
2021-04-28 15:00:38.502290,31.26,101850.18,79.55,-43.63,-10.52,1.06,1.18,0.42,0.27,-0.06,21342,-1
2021-04-28 15:00:38.981882,31.27,101854.41,80.70,-43.98,-9.49,1.16,0.31,0.29,0.14,-0.05,15353,-1
2021-04-28 15:00:39.461573,31.32,101852.17,81.80,-43.80,-9.16,1.19,-0.01,0.09,0.01,-0.11,5142,-1
2021-04-28 15:00:39.942420,31.49,101853.70,82.70,-43.93,-9.92,-0.13,-0.36,0.12,0.06,-0.08,2216,-1
2021-04-28 15:00:40.421719,31.24,101856.42,83.44,-44.15,-9.77,0.20,-0.38,0.08,-0.10,0.02,822,-1
2021-04-28 15:00:40.901902,31.06,101852.33,84.09,-43.81,-9.96,0.88,0.10,-0.03,0.07,0.15,18050,-1
2021-04-28 15:00:41.382313,31.17,101849.45,84.51,-43.57,-9.66,1.93,0.47,-0.05,0.03,0.13,8506,-1
2021-04-28 15:00:41.862413,31.30,101851.45,84.67,-43.74,-10.79,1.84,-0.57,-0.00,0.24,-0.13,644,-1
2021-04-28 15:00:42.342630,31.31,101851.05,84.75,-43.71,-9.71,1.08,-0.85,0.10,-0.09,0.04,847,-1
2021-04-28 15:00:42.821768,31.11,101850.44,84.80,-43.65,-9.73,1.34,-0.88,0.43,-0.01,-0.10,17163,-1
2021-04-28 15:00:43.302388,31.17,101848.17,84.65,-43.47,-8.95,1.24,0.06,-0.95,-0.03,0.25,37272,-1
2021-04-28 15:00:43.782541,31.24,101850.69,84.19,-43.68,-8.90,2.02,0.15,0.18,-0.08,-0.09,17343,-1
2021-04-28 15:00:44.261772,31.25,101852.19,83.75,-43.80,-9.42,-1.91,-1.07,0.09,-0.07,-0.27,14035,-1
2021-04-28 15:00:44.742119,31.27,101848.95,83.50,-43.53,-9.30,-0.78,-1.34,0.00,0.04,0.06,13837,-1
2021-04-28 15:00:45.222634,31.31,101853.40,83.40,-43.90,-9.28,-0.01,-0.97,0.07,0.06,0.10,2605,-1
2021-04-28 15:00:45.702347,31.31,101854.39,83.40,-43.98,-9.26,0.57,-0.64,-0.26,0.21,0.22,31203,-1
2021-04-28 15:00:46.182146,31.34,101854.28,83.51,-43.97,-9.38,-0.02,-1.24,0.07,0.05,-0.08,14269,-1
2021-04-28 15:00:46.662428,31.34,101852.55,83.72,-43.83,-9.93,0.13,-1.19,0.08,-0.09,0.01,12224,-1
2021-04-28 15:00:47.142467,31.35,101852.83,84.01,-43.85,-9.58,-0.07,-1.03,0.06,-0.02,-0.07,8502,-1
2021-04-28 15:00:47.622259,31.34,101854.89,84.28,-44.02,-9.17,0.19,-0.32,0.09,0.18,0.06,7200,-1
2021-04-28 15:00:48.102495,31.39,101854.55,84.58,-44.00,-8.90,0.57,-0.42,0.01,0.01,0.04,2349,-1
2021-04-28 15:00:48.581972,31.44,101851.98,84.86,-43.78,-9.57,0.87,-0.50,0.02,-0.03,-0.01,1284,-1
2021-04-28 15:00:49.062164,31.19,101854.03,85.15,-43.95,-9.45,0.84,-0.49,0.23,-0.02,0.00,663,-1
2021-04-28 15:00:49.542502,31.18,101853.25,85.33,-43.89,-9.18,-1.41,0.31,1.00,-0.39,-0.23,14105,-1
2021-04-28 15:00:50.022228,31.23,101854.92,85.29,-44.03,-9.16,-0.83,1.45,0.18,0.06,-0.01,12214,-1
2021-04-28 15:00:50.502565,31.26,101854.24,84.94,-43.97,-9.40,-0.01,-0.50,-0.20,0.23,0.17,2293,-1
2021-04-28 15:00:50.982478,31.31,101851.78,84.48,-43.77,-10.29,1.26,-0.17,0.09,0.05,0.09,674,-1
2021-04-28 15:00:51.462635,31.24,101854.13,84.09,-43.96,-10.28,1.72,-0.31,-0.12,0.02,0.15,11468,-1
2021-04-28 15:00:51.942615,31.24,101851.30,83.78,-43.73,-10.05,1.41,-0.07,-0.11,0.09,-0.03,649,-1
2021-04-28 15:00:52.422643,31.25,101849.68,83.43,-43.59,-9.85,1.28,-0.04,0.04,-0.03,-0.02,665,-1
2021-04-28 15:00:52.902528,31.25,101848.79,82.98,-43.52,-10.10,1.60,-0.72,0.01,-0.29,-0.20,12468,-1
2021-04-28 15:00:53.382601,31.28,101848.11,82.57,-43.54,-9.71,1.76,0.19,-0.07,-0.00,0.02,11323,-1
2021-04-28 15:00:53.862489,31.29,101848.61,82.16,-43.50,-9.81,1.80,-0.16,0.00,0.05,-0.05,1430,-1
2021-04-28 15:00:54.342638,31.38,101848.31,81.92,-43.48,-9.78,2.30,0.02,0.03,-0.01,0.02,659,-1
2021-04-28 15:00:54.822282,31.34,101850.55,81.76,-43.66,-9.28,1.49,-0.53,0.15,0.07,-0.07,33158,-1
2021-04-28 15:00:55.302290,31.34,101845.70,81.80,-43.26,-10.29,1.87,-0.51,-0.01,-0.01,0.10,23578,-1
2021-04-28 15:00:55.783298,31.45,101852.71,81.79,-43.84,-9.11,1.46,-0.47,0.00,-0.09,-0.07,12068,-1
2021-04-28 15:00:56.262719,31.40,101849.81,81.92,-43.60,-9.35,1.67,-0.14,0.04,0.06,-0.10,4475,-1
2021-04-28 15:00:56.742705,31.42,101852.50,82.15,-43.83,-10.13,1.74,-0.64,0.06,0.01,-0.03,523,-1
2021-04-28 15:00:57.222837,31.36,101853.27,82.49,-43.89,-10.11,1.45,-0.84,0.08,-0.02,-0.01,543,-1
2021-04-28 15:00:57.702633,31.21,101853.59,82.89,-43.92,-10.06,1.46,-0.85,0.05,-0.04,-0.02,565,-1
2021-04-28 15:00:58.182670,31.27,101850.79,83.17,-43.68,-9.78,1.13,-0.99,-0.01,-0.01,0.02,548,-1
2021-04-28 15:00:58.662693,31.26,101852.12,83.24,-43.79,-10.32,0.85,-1.00,0.04,-0.04,-0.10,31571,-1
2021-04-28 15:00:59.143388,31.28,101848.89,83.26,-43.53,-10.03,0.74,-1.46,0.13,-0.04,-0.09,14826,-1
2021-04-28 15:00:59.622919,31.35,101850.71,83.07,-43.68,-10.43,0.64,-1.42,0.04,-0.11,-0.04,14739,-1
2021-04-28 15:01:00.102955,31.37,101851.43,82.84,-43.74,-10.52,1.36,-0.74,-0.07,-0.03,0.05,11871,-1
2021-04-28 15:01:00.582313,31.36,101853.11,82.74,-43.88,-10.22,1.10,-0.73,0.05,-0.09,-0.03,16146,-1
2021-04-28 15:01:01.062868,31.40,101854.59,82.71,-44.00,-10.10,1.50,-0.73,0.14,-0.02,-0.06,8917,-1
2021-04-28 15:01:01.542840,31.39,101852.31,82.83,-43.81,-10.05,0.70,-0.66,0.09,-0.06,-0.08,14524,-1
2021-04-28 15:01:02.023371,31.39,101855.10,83.00,-44.04,-10.21,0.89,-0.50,0.20,0.05,0.18,11542,-1
2021-04-28 15:01:02.502852,31.41,101852.83,83.21,-43.85,-9.85,0.41,-0.65,0.07,0.09,0.08,12017,-1
2021-04-28 15:01:02.982826,31.38,101851.48,83.43,-43.74,-10.47,0.66,-1.21,-0.15,0.03,-0.05,5019,-1
2021-04-28 15:01:03.462729,31.38,101853.09,83.69,-43.87,-10.55,0.19,-1.12,0.10,-0.02,0.11,566,-1
2021-04-28 15:01:03.942969,31.25,101853.91,83.96,-43.94,-9.43,0.46,-0.65,0.17,-0.25,-0.04,703,-1
2021-04-28 15:01:04.423021,31.21,101850.97,84.09,-43.70,-7.38,0.19,0.32,-0.05,-0.37,-0.12,7969,-1
2021-04-28 15:01:04.903217,31.25,101847.95,83.72,-43.45,-8.09,0.12,-0.08,-0.01,-0.08,-0.06,2152,-1
2021-04-28 15:01:05.382956,31.28,101850.67,82.92,-43.67,-10.04,0.83,-0.22,0.14,-0.11,0.09,14024,-1
2021-04-28 15:01:05.862930,31.33,101848.71,82.08,-43.51,-9.52,0.37,-0.03,0.54,0.23,-0.02,25149,-1
2021-04-28 15:01:06.342841,31.39,101848.25,81.44,-43.47,-9.98,0.96,-0.28,0.06,-0.27,-0.05,14508,-1
2021-04-28 15:01:06.822945,31.40,101852.20,81.07,-43.80,-9.73,1.08,-0.83,-0.06,-0.09,0.04,15783,-1
2021-04-28 15:01:07.302877,31.28,101849.34,80.97,-43.56,-9.70,1.03,-0.65,-0.02,0.04,-0.09,10947,-1
2021-04-28 15:01:07.782978,31.19,101848.91,80.97,-43.53,-9.99,0.11,-0.64,-0.13,-0.10,-0.16,19316,-1
2021-04-28 15:01:08.262357,31.44,101850.93,80.58,-43.70,-9.07,2.17,-0.96,-1.03,0.60,-0.29,7494,-1
2021-04-28 15:01:08.742754,31.39,101850.76,80.12,-43.68,-9.48,0.03,-2.25,0.13,-0.05,0.00,1487,-1
2021-04-28 15:01:09.223488,31.43,101849.54,80.00,-43.58,-9.02,0.01,-2.08,0.08,-0.01,0.00,624,-1
2021-04-28 15:01:09.702794,31.54,101856.91,80.18,-44.19,-9.16,-1.64,-1.35,1.28,-0.21,0.16,10557,-1
2021-04-28 15:01:10.182930,31.41,101855.73,80.49,-44.09,-9.52,0.34,-1.57,-0.51,0.14,-0.03,1169,-1
2021-04-28 15:01:10.662973,31.41,101853.11,80.97,-43.88,-9.83,0.48,-0.50,2.45,-0.59,0.14,4506,-1
2021-04-28 15:01:11.142915,31.39,101854.59,81.48,-43.97,-9.74,0.21,-0.65,0.24,0.05,0.10,3143,-1
2021-04-28 15:01:11.622797,31.45,101856.55,81.99,-44.16,-9.83,-0.18,-0.76,0.62,-0.01,0.18,7400,-1
2021-04-28 15:01:12.102877,31.55,101854.85,82.53,-44.02,-8.99,0.80,-0.51,0.03,-0.03,0.03,658,-1
2021-04-28 15:01:12.582520,31.41,101857.12,83.01,-44.21,-9.42,0.94,-0.22,0.10,0.08,-0.03,14899,-1
2021-04-28 15:01:13.062228,31.25,101853.02,83.48,-43.87,-10.92,1.10,-0.42,0.16,0.31,0.10,17336,-1
2021-04-28 15:01:13.542609,31.37,101852.55,83.83,-43.83,-10.48,0.76,-0.40,0.15,0.02,0.08,4485,-1
2021-04-28 15:01:14.023140,31.37,101857.11,84.12,-44.21,-9.54,0.92,-0.03,0.06,-0.23,-0.18,12124,-1
2021-04-28 15:01:14.503262,31.38,101856.55,84.42,-44.16,-9.79,1.51,-0.34,0.00,-0.15,0.04,9657,-1
2021-04-28 15:01:14.982863,31.36,101854.61,84.63,-44.00,-9.77,0.12,0.72,2.49,-0.96,-0.54,4448,-1
2021-04-28 15:01:15.463033,31.36,101852.66,84.92,-43.84,-9.88,-0.90,0.59,-0.05,0.13,0.02,547,-1
2021-04-28 15:01:15.943314,31.36,101853.49,85.14,-43.91,-9.39,-0.01,0.43,-0.08,0.06,0.16,535,-1
2021-04-28 15:01:16.422313,31.30,101854.29,85.38,-43.97,-9.27,0.49,-0.22,-0.19,0.09,-0.01,661,-1
2021-04-28 15:01:16.903080,31.28,101854.62,85.49,-44.00,-8.99,0.81,-0.99,-0.31,0.22,-0.15,1406,-1
2021-04-28 15:01:17.383143,31.27,101844.66,85.38,-43.18,-9.13,-0.93,-1.91,0.10,0.13,-0.17,758,-1
2021-04-28 15:01:17.863194,31.27,101844.22,84.86,-43.14,-9.07,-0.84,-1.34,0.00,-0.04,-0.13,3780,-1
2021-04-28 15:01:18.342354,31.37,101846.86,83.45,-43.36,-9.47,-1.10,-1.48,0.07,-0.07,0.01,5154,-1
2021-04-28 15:01:18.823304,31.77,101849.64,82.61,-43.59,-9.91,-0.59,-1.44,0.10,-0.04,0.01,1783,-1
2021-04-28 15:01:19.303066,31.86,101854.11,83.37,-43.96,-9.32,-0.74,-1.10,0.01,-0.02,-0.01,755,-1
2021-04-28 15:01:19.782979,31.64,101857.29,84.55,-44.22,-9.89,-0.54,-1.49,0.09,0.00,0.00,4776,-1
2021-04-28 15:01:20.263109,31.41,101854.06,85.52,-43.95,-10.26,-0.35,-0.94,-0.19,0.08,0.04,3884,-1
2021-04-28 15:01:20.743374,31.77,101850.86,86.37,-43.69,-8.68,-0.24,-1.07,0.05,0.15,-0.18,3317,-1
2021-04-28 15:01:21.223277,31.97,101851.95,86.88,-43.78,-9.24,-0.35,-0.87,0.24,0.18,0.10,606,-1
2021-04-28 15:01:21.703180,31.84,101851.55,87.42,-43.75,-10.24,-0.07,-1.81,0.06,0.02,0.00,1323,-1
2021-04-28 15:01:22.183121,31.64,101860.86,87.98,-44.52,-9.08,-0.39,-1.48,0.05,-0.03,0.05,6174,-1
2021-04-28 15:01:22.663169,31.98,101852.67,88.80,-43.84,-9.15,-0.22,-1.46,0.03,-0.03,-0.01,1455,-1
2021-04-28 15:01:23.142915,32.09,101860.72,89.93,-44.51,-10.10,-0.01,-1.68,0.08,0.06,-0.03,625,-1
2021-04-28 15:01:23.622793,31.92,101858.89,91.00,-44.36,-9.29,-1.21,-2.05,0.10,0.06,0.10,851,-1
2021-04-28 15:01:24.102751,31.81,101859.92,91.89,-44.44,-10.23,-0.82,-1.87,0.08,-0.05,0.06,3780,-1
2021-04-28 15:01:24.582632,32.00,101858.62,92.60,-44.33,-9.74,-0.53,-1.73,0.08,0.00,-0.00,704,-1
2021-04-28 15:01:25.063083,31.91,101858.78,93.23,-44.35,-9.69,0.23,-1.48,0.08,-0.04,0.01,1365,-1
2021-04-28 15:01:25.543186,31.71,101853.40,93.29,-43.90,-8.89,-0.51,-1.53,0.12,-0.08,-0.01,684,-1
2021-04-28 15:01:26.023494,31.43,101858.51,89.56,-44.32,-9.53,-0.48,-1.45,0.07,-0.06,-0.06,10597,-1
2021-04-28 15:01:26.502962,31.64,101856.23,86.35,-44.13,-9.49,-0.54,-1.54,0.04,0.02,-0.03,10418,-1
2021-04-28 15:01:26.982605,31.78,101856.88,86.87,-44.19,-9.55,-0.58,-1.74,0.07,-0.01,-0.03,2095,-1
2021-04-28 15:01:27.462818,31.83,101856.91,88.32,-44.37,-9.75,-0.35,-1.89,0.09,-0.05,-0.02,643,-1
2021-04-28 15:01:27.943819,31.76,101853.81,89.77,-43.93,-9.97,0.39,-1.66,0.04,0.05,0.01,628,-1
2021-04-28 15:01:28.424110,31.69,101856.13,90.91,-44.13,-9.40,-0.56,-1.82,0.04,-0.01,-0.01,802,-1
2021-04-28 15:01:28.903002,31.63,101855.05,91.93,-44.04,-9.84,0.22,-1.43,0.04,0.06,0.06,24442,-1
2021-04-28 15:01:29.383399,31.82,101856.80,92.82,-44.18,-9.17,-0.60,-1.31,0.03,-0.04,-0.03,6964,-1
2021-04-28 15:01:29.864296,31.94,101856.48,93.58,-44.16,-9.74,-0.24,-1.85,0.04,0.02,-0.02,586,-1
2021-04-28 15:01:30.343338,31.89,101862.81,94.31,-44.68,-10.00,0.24,-1.42,0.05,-0.00,-0.03,19683,-1
2021-04-28 15:01:30.823401,31.85,101861.25,94.89,-44.55,-9.10,-0.35,-1.31,0.07,0.05,-0.02,599,-1
2021-04-28 15:01:31.302952,31.84,101852.78,95.36,-43.85,-10.00,-0.15,-2.25,0.03,0.02,-0.01,759,-1
2021-04-28 15:01:31.782931,31.68,101852.46,95.56,-43.82,-9.03,-0.31,-1.79,0.09,-0.04,-0.03,605,-1
2021-04-28 15:01:32.262469,31.56,101859.58,94.12,-44.41,-10.02,0.38,-1.73,0.08,-0.07,-0.04,1275,-1
2021-04-28 15:01:32.742808,31.57,101855.06,91.94,-44.04,-9.21,-0.49,-1.63,0.08,-0.01,-0.01,622,-1
2021-04-28 15:01:33.224126,31.58,101852.44,90.70,-43.82,-10.12,0.28,-1.63,0.05,-0.02,-0.04,801,-1
2021-04-28 15:01:33.711464,31.59,101855.78,90.16,-44.10,-9.24,-0.46,-1.46,0.04,0.02,0.03,9549,-1
2021-04-28 15:01:34.182881,31.66,101855.25,90.20,-44.05,-10.15,0.23,-1.67,0.04,-0.02,-0.01,2111,-1
2021-04-28 15:01:34.663052,31.71,101849.94,90.96,-43.61,-9.29,-0.26,-1.70,0.07,0.01,0.02,891,-1
2021-04-28 15:01:35.143339,31.60,101855.22,91.59,-44.05,-10.07,0.33,-1.92,0.09,-0.06,-0.05,632,-1
2021-04-28 15:01:35.623046,31.57,101851.67,90.24,-43.76,-9.12,-0.35,-1.67,0.06,-0.04,-0.02,779,-1
2021-04-28 15:01:36.103140,31.58,101851.16,88.94,-43.71,-9.92,0.32,-1.59,0.14,-0.07,-0.03,28582,-1
2021-04-28 15:01:36.584110,31.62,101846.36,88.16,-43.32,-10.10,0.21,-1.54,0.07,-0.05,-0.01,1539,-1
2021-04-28 15:01:37.083816,31.66,101852.48,87.70,-43.82,-9.40,-0.19,-1.84,0.06,0.01,-0.02,15197,-1
2021-04-28 15:01:37.543068,31.67,101850.52,87.63,-43.66,-9.77,0.03,-1.39,-0.07,0.10,0.05,7665,-1
2021-04-28 15:01:38.024328,31.70,101851.34,88.01,-43.73,-8.79,-1.52,-1.07,0.11,-0.07,-0.04,985,-1
2021-04-28 15:01:38.503057,31.70,101852.28,88.54,-43.81,-10.10,-0.05,-1.55,0.08,0.01,-0.02,479,-1
2021-04-28 15:01:38.983159,31.70,101851.06,88.97,-43.71,-9.15,-0.09,-1.11,0.12,-0.03,-0.02,12279,-1
2021-04-28 15:01:39.463190,31.71,101853.12,89.33,-43.88,-10.06,-0.35,-1.58,0.10,-0.02,-0.02,727,-1
2021-04-28 15:01:39.942958,31.72,101852.72,89.58,-43.84,-9.40,-0.25,-1.17,0.03,-0.01,0.00,575,-1
2021-04-28 15:01:40.422879,31.72,101851.22,89.73,-43.72,-10.01,0.02,-1.73,0.05,-0.01,0.01,623,-1
2021-04-28 15:01:40.903042,31.71,101852.06,89.69,-43.54,-9.23,-0.39,-2.09,-0.04,0.07,0.15,750,-1
2021-04-28 15:01:41.384333,31.70,101849.05,88.79,-43.54,-9.76,0.46,-2.67,0.15,-0.16,-0.05,650,-1
2021-04-28 15:01:41.862945,31.71,101848.60,87.62,-43.50,-8.97,-0.10,-2.01,0.09,-0.11,-0.10,7689,-1
2021-04-28 15:01:42.343323,31.70,101847.66,86.40,-43.42,-9.84,0.41,-2.21,0.13,-0.05,-0.03,22880,-1
2021-04-28 15:01:42.822825,31.70,101851.84,84.56,-43.77,-8.93,-0.14,-1.72,0.19,-0.23,-0.17,27409,-1
2021-04-28 15:01:43.302814,31.73,101849.16,82.95,-43.55,-9.94,0.13,-2.04,0.10,0.00,-0.00,20281,-1
2021-04-28 15:01:43.783616,31.74,101847.09,82.22,-43.38,-9.32,0.62,-1.85,0.11,-0.08,-0.05,9228,-1
2021-04-28 15:01:44.264619,31.75,101848.87,82.35,-43.52,-9.44,-0.37,-2.28,0.20,0.09,-0.01,625,-1
2021-04-28 15:01:44.745532,31.75,101844.80,82.78,-43.19,-9.81,0.25,-2.37,0.07,-0.03,-0.03,862,-1
2021-04-28 15:01:45.223142,31.68,101841.42,80.69,-42.91,-9.17,-0.69,-2.10,0.15,-0.07,-0.07,568,-1
2021-04-28 15:01:45.705012,31.70,101846.44,75.57,-43.32,-9.57,-0.62,-2.23,0.12,-0.07,-0.08,1019,-1
2021-04-28 15:01:46.183251,31.75,101847.25,71.35,-43.39,-9.81,-0.61,-2.02,0.11,-0.01,-0.06,5650,-1
2021-04-28 15:01:46.663028,31.95,101853.47,70.57,-43.91,-9.15,-0.74,-1.48,0.04,0.04,-0.08,2228,-1
2021-04-28 15:01:47.143644,32.02,101854.55,72.74,-44.00,-9.92,-0.49,-1.81,0.03,0.01,-0.05,12683,-1
2021-04-28 15:01:47.623450,31.90,101855.17,75.70,-44.05,-9.39,-1.50,-1.73,0.09,-0.06,0.03,11258,-1
2021-04-28 15:01:48.103902,31.86,101856.78,78.29,-44.18,-9.09,-1.20,-1.64,0.08,-0.00,0.04,664,-1
2021-04-28 15:01:48.584546,31.88,101852.78,80.53,-43.85,-9.51,-0.76,-1.96,0.08,-0.02,-0.06,866,-1
2021-04-28 15:01:49.063806,31.73,101851.55,81.66,-43.75,-9.43,-0.61,-1.85,0.09,-0.08,-0.05,872,-1
2021-04-28 15:01:49.543812,31.69,101852.40,79.47,-43.82,-9.73,-0.48,-1.68,0.10,-0.06,-0.05,1631,-1
2021-04-28 15:01:50.023947,31.73,101856.73,77.63,-44.18,-10.20,-0.66,-2.00,0.09,-0.05,0.06,38632,-1
2021-04-28 15:01:50.503384,31.80,101855.59,77.22,-44.08,-9.23,-0.72,-1.59,0.09,-0.07,-0.04,22374,-1
2021-04-28 15:01:50.983666,31.81,101873.25,78.20,-45.55,-10.09,-0.52,-1.58,0.13,-0.16,-0.05,2585,-1
2021-04-28 15:01:51.463665,32.21,101850.98,79.95,-43.70,-9.53,-0.80,-1.66,0.03,0.00,0.04,1351,-1
2021-04-28 15:01:51.943898,32.02,101850.81,82.14,-43.69,-9.44,-0.84,-2.39,0.08,0.10,0.08,1759,-1
2021-04-28 15:01:52.423549,31.76,101856.16,81.25,-44.13,-8.96,-1.03,-2.15,0.08,-0.07,-0.06,4351,-1
2021-04-28 15:01:52.903386,31.79,101855.59,78.61,-44.08,-9.65,-0.17,-1.73,0.09,-0.06,-0.02,6501,-1
2021-04-28 15:01:53.383861,31.86,101858.75,78.62,-44.34,-9.40,-0.13,-1.52,0.06,0.10,0.05,13064,-1
2021-04-28 15:01:53.863380,31.98,101804.62,79.97,-39.86,-10.13,-0.94,-2.19,0.27,-0.00,-0.08,30018,-1
2021-04-28 15:01:54.343977,31.80,101855.08,80.22,-43.93,-9.51,-1.90,-1.68,0.07,0.07,-0.04,38171,-1
2021-04-28 15:01:54.823706,31.94,101853.59,79.84,-43.92,-9.78,-0.77,-1.76,0.05,0.13,0.17,20823,-1
2021-04-28 15:01:55.303623,31.98,101854.52,80.67,-43.99,-9.31,-1.72,-2.08,0.09,-0.06,-0.08,13794,-1
2021-04-28 15:01:55.785200,31.98,101855.57,81.89,-44.08,-9.80,-0.60,-1.37,0.05,-0.06,0.03,21037,-1
2021-04-28 15:01:56.263146,32.06,101834.23,83.21,-42.31,-9.77,-1.55,-2.15,0.09,0.03,0.05,1954,-1
2021-04-28 15:01:56.743765,31.82,101852.67,83.15,-43.84,-9.19,-1.43,-2.09,0.08,-0.08,-0.19,12358,-1
2021-04-28 15:01:57.223189,31.92,101851.20,81.47,-43.72,-9.98,-1.11,-1.67,0.12,-0.14,-0.12,5589,-1
2021-04-28 15:01:57.704011,32.11,101854.34,81.45,-43.98,-9.77,-1.43,-2.19,0.08,-0.05,0.01,1367,-1
2021-04-28 15:01:58.183523,32.22,101852.47,82.94,-43.82,-9.01,-1.49,-1.73,0.09,-0.04,-0.04,583,-1
2021-04-28 15:01:58.664523,32.23,101854.48,84.91,-43.99,-10.11,-0.90,-2.11,0.07,0.02,0.02,739,-1
2021-04-28 15:01:59.143682,32.14,101847.92,86.58,-43.45,-9.24,-1.63,-2.22,0.09,-0.08,-0.07,894,-1
2021-04-28 15:01:59.623404,32.00,101859.08,87.69,-44.37,-9.70,-0.74,-1.60,0.15,-0.09,-0.01,3336,-1
2021-04-28 15:02:00.103998,31.97,101861.88,87.64,-44.60,-7.59,-1.15,-0.83,0.23,-0.51,-0.39,21708,-1
2021-04-28 15:02:00.584962,32.01,101858.06,87.59,-44.29,-10.45,-1.31,-1.98,0.07,-0.04,-0.20,6197,-1
2021-04-28 15:02:01.063220,32.09,101857.65,87.71,-44.25,-10.24,-1.10,-1.79,0.07,0.10,0.09,11226,-1
2021-04-28 15:02:01.544727,32.16,101860.40,88.25,-44.48,-9.01,-1.74,-1.40,-0.01,-0.06,-0.14,20392,-1
2021-04-28 15:02:02.023401,32.13,101857.30,88.98,-44.22,-9.77,-2.02,-2.13,-0.03,0.00,0.00,771,-1
2021-04-28 15:02:02.503950,32.10,101841.31,89.63,-42.90,-9.59,-0.90,-1.24,0.03,0.00,-0.04,2823,-1
2021-04-28 15:02:02.985302,31.96,101845.66,89.95,-43.26,-10.11,-1.07,-1.87,0.11,-0.09,-0.02,681,-1
2021-04-28 15:02:03.463101,31.94,101856.38,88.63,-44.15,-9.03,-1.32,-1.84,0.10,-0.09,0.01,756,-1
2021-04-28 15:02:03.943541,31.98,101854.80,85.59,-44.02,-8.92,-1.81,-1.71,0.08,-0.04,-0.01,20041,-1
2021-04-28 15:02:04.423434,32.02,101874.73,83.52,-45.67,-8.91,-1.34,-2.07,0.13,-0.05,0.03,4995,-1
2021-04-28 15:02:04.903774,32.38,101857.63,83.03,-44.27,-9.51,-1.80,-2.14,0.19,-0.11,0.04,743,-1
2021-04-28 15:02:05.384216,32.26,101858.14,84.45,-44.29,-9.05,-2.00,-1.64,0.09,-0.05,0.03,566,-1
2021-04-28 15:02:05.863249,32.23,101855.43,86.07,-44.07,-10.03,-1.11,-1.91,0.07,-0.03,-0.02,557,-1
2021-04-28 15:02:06.344279,32.21,101856.05,87.44,-44.12,-8.99,-1.89,-1.44,0.06,-0.02,0.03,586,-1
2021-04-28 15:02:06.852342,32.16,101856.16,88.56,-44.13,-9.99,-0.95,-1.87,0.04,-0.02,-0.05,624,-1
2021-04-28 15:02:07.303988,32.09,101858.70,89.44,-44.34,-9.27,-1.93,-1.81,0.07,-0.04,-0.06,815,-1
2021-04-28 15:02:07.783881,32.11,101856.52,90.08,-44.16,-9.52,-1.18,-1.50,0.07,-0.01,-0.01,646,-1
2021-04-28 15:02:08.263538,32.14,101857.28,90.47,-44.22,-9.66,-1.57,-2.06,0.08,-0.05,-0.02,630,-1
2021-04-28 15:02:08.744520,32.20,101860.38,90.60,-44.48,-9.06,-1.52,-1.41,0.08,-0.04,-0.00,616,-1
2021-04-28 15:02:09.223831,32.22,101855.15,90.64,-44.04,-9.80,-1.16,-1.88,0.06,-0.06,-0.02,668,-1
2021-04-28 15:02:09.703554,32.20,101853.57,90.67,-43.91,-8.97,-1.83,-1.61,0.09,-0.05,-0.04,879,-1
2021-04-28 15:02:10.183371,32.15,101855.77,90.28,-44.10,-9.69,-0.87,-1.75,0.09,-0.05,-0.06,941,-1
2021-04-28 15:02:10.663988,32.17,101860.00,88.19,-44.45,-9.48,-1.64,-2.01,0.06,-0.04,-0.09,1270,-1
2021-04-28 15:02:11.144088,32.33,101857.83,86.12,-44.27,-9.50,-0.95,-1.57,0.08,-0.06,-0.04,610,-1
2021-04-28 15:02:11.623927,32.33,101855.66,85.91,-44.09,-9.11,-1.86,-1.96,0.07,-0.01,-0.02,552,-1
2021-04-28 15:02:12.104096,32.33,101854.88,86.27,-44.02,-9.91,-0.87,-1.89,0.09,-0.02,-0.03,648,-1
2021-04-28 15:02:12.583539,32.26,101856.91,86.79,-44.19,-8.98,-1.82,-2.08,0.10,-0.09,-0.02,571,-1
2021-04-28 15:02:13.064027,32.21,101856.72,86.44,-44.17,-9.82,-0.92,-2.03,0.08,-0.03,-0.03,2042,-1
2021-04-28 15:02:13.543956,32.28,101855.34,84.81,-44.06,-8.84,-1.74,-1.90,0.03,-0.04,-0.00,1340,-1
2021-04-28 15:02:14.023683,32.39,101858.85,84.13,-44.35,-9.83,-0.78,-2.16,-0.08,0.04,-0.06,602,-1
2021-04-28 15:02:14.504190,32.36,101858.31,84.60,-44.31,-9.17,-0.77,-2.27,0.06,-0.01,0.03,517,-1
2021-04-28 15:02:14.984562,32.32,101856.73,85.28,-44.18,-9.46,-1.35,-2.66,0.11,-0.00,0.02,450,-1
2021-04-28 15:02:15.464218,32.24,101861.22,85.72,-44.55,-8.81,-0.86,-2.55,0.12,-0.03,0.01,13490,-1
2021-04-28 15:02:15.944133,32.46,101858.02,84.92,-44.28,-9.87,-0.03,-2.52,0.09,-0.04,-0.04,4694,-1
2021-04-28 15:02:16.424370,32.58,101863.87,85.34,-44.77,-9.93,-0.24,-2.63,0.08,-0.03,-0.03,1091,-1
2021-04-28 15:02:16.903492,32.54,101863.56,86.57,-44.74,-9.23,-0.54,-2.61,0.03,0.01,-0.03,728,-1
2021-04-28 15:02:17.384069,32.47,101857.62,87.84,-44.25,-8.88,-0.55,-2.51,0.10,-0.10,-0.06,901,-1
2021-04-28 15:02:17.866842,32.22,101859.28,88.36,-44.39,-9.61,-0.20,-2.74,0.16,-0.04,0.02,13811,-1
2021-04-28 15:02:18.344741,32.33,101862.30,85.99,-44.64,-9.39,-0.12,-1.89,0.06,-0.05,-0.02,8277,-1
2021-04-28 15:02:18.824330,32.49,101861.29,85.99,-44.55,-9.05,-0.34,-1.89,0.08,-0.03,-0.03,2634,-1
2021-04-28 15:02:19.304260,32.51,101863.17,87.42,-44.71,-9.04,-0.72,-2.21,0.08,-0.02,-0.03,539,-1
2021-04-28 15:02:19.783563,32.52,101860.93,88.88,-44.52,-9.81,-0.22,-2.45,0.08,-0.02,-0.02,565,-1
2021-04-28 15:02:20.264519,32.53,101862.66,90.14,-44.67,-9.62,0.02,-2.07,0.05,0.01,-0.01,638,-1
2021-04-28 15:02:20.744579,32.52,101854.41,91.12,-43.98,-9.35,-0.50,-2.99,0.07,-0.05,-0.04,1274,-1
2021-04-28 15:02:21.224841,32.35,101859.72,89.81,-44.42,-8.83,-0.64,-2.39,0.10,-0.06,-0.04,957,-1
2021-04-28 15:02:21.703810,32.43,101860.89,85.04,-44.52,-9.82,0.23,-2.33,0.08,-0.06,-0.03,1759,-1
2021-04-28 15:02:22.183582,32.54,101862.23,82.58,-44.63,-9.18,-0.57,-2.37,0.02,-0.01,-0.06,1110,-1
2021-04-28 15:02:22.664389,32.57,101860.30,82.56,-44.47,-9.68,0.05,-2.17,0.08,-0.03,-0.00,665,-1
2021-04-28 15:02:23.143944,32.56,101861.42,83.45,-44.82,-9.16,-0.68,-2.32,0.13,-0.04,-0.04,2306,-1
2021-04-28 15:02:23.623437,32.62,101859.98,84.57,-44.45,-9.67,-0.19,-2.06,0.05,-0.01,-0.03,954,-1
2021-04-28 15:02:24.103823,32.61,101860.83,85.76,-44.52,-9.43,-0.66,-2.35,0.10,-0.06,-0.05,645,-1
2021-04-28 15:02:24.585400,32.61,101861.66,86.81,-44.59,-9.12,-0.68,-1.83,0.07,-0.03,-0.04,532,-1
2021-04-28 15:02:25.064059,32.61,101862.61,87.73,-44.66,-10.05,-0.14,-2.28,0.04,-0.03,-0.02,589,-1
2021-04-28 15:02:25.543613,32.62,101863.22,88.43,-44.71,-9.63,-0.61,-2.42,0.06,-0.01,-0.05,649,-1
2021-04-28 15:02:26.024203,32.63,101859.53,88.99,-44.41,-8.92,-0.84,-1.88,0.06,-0.01,-0.01,584,-1
2021-04-28 15:02:26.504181,32.64,101858.52,89.46,-44.32,-9.62,-0.25,-2.12,0.07,-0.01,-0.01,790,-1
2021-04-28 15:02:26.984401,32.58,101855.89,89.48,-44.11,-9.96,-0.12,-2.63,0.13,-0.10,-0.11,11045,-1
2021-04-28 15:02:27.464448,32.58,101857.12,86.07,-44.21,-9.95,-0.48,-2.30,0.14,-0.10,-0.02,12979,-1
2021-04-28 15:02:27.943817,32.61,101860.66,84.13,-44.50,-10.05,-0.55,-2.29,0.07,-0.06,-0.07,6120,-1
2021-04-28 15:02:28.424442,32.63,101861.81,83.71,-44.60,-9.97,-0.36,-2.07,0.03,-0.05,-0.06,1036,-1
2021-04-28 15:02:28.903813,32.64,101860.52,83.85,-44.49,-10.05,-0.39,-2.20,0.06,-0.03,-0.05,545,-1
2021-04-28 15:02:29.384311,32.65,101853.16,84.29,-43.88,-10.03,-0.42,-2.60,0.07,-0.06,-0.06,845,-1
2021-04-28 15:02:29.863978,32.60,101850.95,83.19,-43.70,-9.96,-0.21,-2.48,0.14,-0.05,-0.01,888,-1
2021-04-28 15:02:30.344489,32.61,101853.97,78.42,-43.95,-9.84,-0.18,-2.18,0.09,-0.08,-0.07,3178,-1
2021-04-28 15:02:30.823824,32.63,101853.95,74.36,-44.02,-10.05,-0.32,-2.16,0.09,-0.05,-0.04,1334,-1
2021-04-28 15:02:31.304287,32.67,101853.92,73.12,-43.94,-9.00,-0.92,-1.86,0.09,-0.03,-0.06,713,-1
2021-04-28 15:02:31.784013,32.68,101852.80,73.54,-43.85,-9.90,-0.38,-2.03,0.07,-0.05,-0.03,1009,-1
2021-04-28 15:02:32.264480,32.66,101848.12,73.99,-43.46,-9.45,-0.40,-2.11,0.11,-0.10,-0.09,1976,-1
2021-04-28 15:02:32.744448,32.65,101864.31,71.16,-44.80,-9.01,-0.82,-1.65,0.08,-0.04,-0.04,11620,-1
2021-04-28 15:02:33.224929,32.71,101856.68,70.00,-44.17,-9.36,-0.43,-1.55,0.13,-0.07,-0.03,8852,-1
2021-04-28 15:02:33.705045,32.74,101856.84,73.06,-44.19,-9.34,-0.38,-1.62,0.14,-0.06,0.03,3420,-1
2021-04-28 15:02:34.184337,32.77,101852.27,76.87,-43.81,-8.95,-0.68,-1.92,0.07,-0.02,-0.03,1585,-1
2021-04-28 15:02:34.664711,32.73,101842.70,80.12,-43.01,-9.73,-0.06,-2.29,0.17,-0.10,-0.08,1133,-1
2021-04-28 15:02:35.144557,32.69,101863.00,81.72,-44.70,-8.87,-0.92,-1.97,0.11,-0.03,-0.07,9618,-1
2021-04-28 15:02:35.624590,32.97,101863.98,81.36,-44.78,-9.35,-0.31,-1.84,0.25,-0.15,-0.07,10537,-1
2021-04-28 15:02:36.104561,32.95,101863.89,82.68,-44.77,-9.08,-1.00,-1.68,0.12,-0.14,-0.11,580,-1
2021-04-28 15:02:36.584498,32.89,101861.59,84.49,-44.58,-8.97,-0.95,-1.66,-0.19,0.03,0.07,939,-1
2021-04-28 15:02:37.065366,32.86,101853.24,86.03,-43.89,-9.42,-0.49,-1.74,-0.76,-0.14,0.01,998,-1
2021-04-28 15:02:37.544449,32.75,101856.61,87.23,-44.17,-9.52,0.28,-1.73,0.07,-0.17,-0.21,743,-1
2021-04-28 15:02:38.024123,32.68,101862.39,85.53,-44.65,-9.32,-0.33,-2.16,0.53,-0.14,0.19,14502,-1
2021-04-28 15:02:38.504698,32.89,101865.11,83.16,-44.87,-9.12,-0.13,-1.68,0.37,0.05,0.06,3471,-1
2021-04-28 15:02:38.984416,32.94,101863.89,83.92,-44.77,-9.57,0.75,-2.12,-0.02,0.10,0.08,664,-1
2021-04-28 15:02:39.464641,32.90,101853.83,85.57,-43.94,-9.59,-0.07,-3.06,0.03,0.00,-0.01,1435,-1
2021-04-28 15:02:39.944550,32.75,101856.45,85.80,-44.15,-9.51,1.57,-3.15,0.01,0.17,-0.04,11659,-1
2021-04-28 15:02:40.424713,32.76,101855.66,83.50,-44.09,-8.71,2.24,-3.73,0.08,0.27,0.15,31605,-1
2021-04-28 15:02:40.904857,33.07,101856.36,82.49,-44.15,-8.35,2.04,-3.99,0.04,-0.06,0.08,21333,-1
2021-04-28 15:02:41.384603,33.08,101858.20,83.61,-44.30,-8.45,2.82,-3.75,0.02,-0.17,0.01,10992,-1
2021-04-28 15:02:41.864646,32.97,101863.76,85.26,-44.76,-8.26,2.67,-3.53,0.04,-0.10,-0.05,2366,-1
2021-04-28 15:02:42.344615,32.94,101863.56,86.71,-44.74,-8.25,2.49,-3.61,0.15,-0.19,-0.11,1084,-1
2021-04-28 15:02:42.824644,32.92,101862.73,87.89,-44.67,-8.55,2.00,-3.69,0.06,0.00,-0.10,20645,-1
2021-04-28 15:02:43.304711,32.92,101864.19,88.83,-44.79,-8.90,2.99,-3.45,0.03,-0.03,-0.03,9002,-1
2021-04-28 15:02:43.784977,32.92,101863.75,89.58,-44.76,-8.48,2.46,-4.04,0.12,-0.06,-0.02,10875,-1
2021-04-28 15:02:44.264235,32.92,101864.42,90.15,-44.81,-8.51,2.43,-3.67,0.02,0.02,-0.02,668,-1
2021-04-28 15:02:44.744473,32.92,101858.61,90.62,-44.41,-8.10,2.55,-3.36,0.04,-0.01,0.01,847,-1
2021-04-28 15:02:45.225499,32.89,101854.72,91.02,-44.01,-8.41,2.70,-3.60,0.07,-0.03,-0.04,731,-1
2021-04-28 15:02:45.705097,32.81,101855.42,90.81,-44.07,-8.20,2.53,-3.50,0.08,-0.05,-0.05,568,-1
2021-04-28 15:02:46.184426,32.79,101866.38,89.37,-44.98,-8.76,3.04,-3.59,0.07,-0.06,0.02,20290,-1
2021-04-28 15:02:46.664281,32.78,101858.06,87.89,-44.29,-8.97,2.87,-3.58,0.09,-0.06,-0.04,19193,-1
2021-04-28 15:02:47.144334,32.82,101860.82,86.80,-44.52,-8.11,2.65,-3.54,0.03,0.00,0.03,14384,-1
2021-04-28 15:02:47.627225,32.83,101861.03,86.32,-44.53,-8.66,3.67,-2.92,0.09,-0.11,0.05,20682,-1
2021-04-28 15:02:48.103905,32.90,101862.88,86.45,-44.69,-8.53,2.94,-3.57,0.08,-0.01,-0.03,12155,-1
2021-04-28 15:02:48.584763,32.92,101862.91,87.07,-44.69,-8.46,3.23,-3.10,0.02,0.02,-0.02,12984,-1
2021-04-28 15:02:49.065398,32.91,101860.91,87.85,-44.52,-9.09,3.21,-3.18,0.03,-0.01,-0.05,1020,-1
2021-04-28 15:02:49.544503,32.86,101854.59,88.37,-44.00,-8.96,3.16,-3.52,0.09,-0.06,-0.06,716,-1
2021-04-28 15:02:50.024575,32.78,101856.89,86.49,-44.19,-9.10,3.49,-3.20,0.10,-0.07,-0.08,679,-1
2021-04-28 15:02:50.504879,32.81,101858.15,83.05,-44.29,-9.01,3.57,-3.24,0.02,-0.04,-0.06,20141,-1
2021-04-28 15:02:50.984084,32.88,101859.64,80.95,-44.42,-8.51,2.89,-3.19,0.07,-0.04,-0.03,582,-1
2021-04-28 15:02:51.468417,32.89,101858.70,80.49,-44.34,-8.21,2.76,-3.13,0.07,-0.06,-0.07,4150,-1
2021-04-28 15:02:51.944663,32.88,101861.48,80.58,-44.57,-8.65,3.31,-2.84,0.09,-0.07,-0.07,28444,-1
2021-04-28 15:02:52.424759,32.88,101860.38,80.82,-44.48,-9.18,3.53,-3.02,0.06,-0.01,-0.05,10093,-1
2021-04-28 15:02:52.904992,32.90,101860.80,81.04,-44.51,-8.68,2.89,-3.23,0.09,-0.06,-0.05,3506,-1
2021-04-28 15:02:53.385258,32.91,101859.28,81.42,-44.39,-8.17,2.94,-2.88,0.08,-0.04,-0.04,581,-1
2021-04-28 15:02:53.865088,32.92,101862.74,81.88,-44.67,-8.73,3.45,-2.87,0.09,-0.07,-0.03,800,-1
2021-04-28 15:02:54.344225,32.91,101860.96,82.36,-44.53,-9.05,3.55,-2.94,0.16,-0.14,-0.01,783,-1
2021-04-28 15:02:54.825481,32.92,101862.18,82.72,-44.63,-8.48,4.04,-2.78,0.03,0.00,0.00,748,-1
2021-04-28 15:02:55.304107,32.92,101854.48,82.99,-43.99,-7.85,3.77,-3.07,0.02,0.08,-0.02,893,-1
2021-04-28 15:02:55.784634,32.89,101864.94,82.79,-44.86,-7.61,4.40,-2.71,0.06,-0.13,0.01,1178,-1
2021-04-28 15:02:56.271695,32.93,101860.84,82.24,-44.52,-8.42,3.78,-3.00,0.12,-0.05,-0.08,730,-1
2021-04-28 15:02:56.744549,32.93,101857.15,82.49,-44.21,-8.63,4.09,-2.84,0.07,-0.03,-0.03,856,-1
2021-04-28 15:02:57.224198,32.93,101856.14,82.69,-44.13,-8.60,3.55,-3.31,0.06,-0.07,-0.05,633,-1
2021-04-28 15:02:57.705472,32.92,101854.25,82.76,-43.97,-8.86,3.67,-3.13,0.14,-0.14,-0.04,1194,-1
2021-04-28 15:02:58.185468,32.91,101851.74,82.45,-43.76,-8.79,3.52,-3.11,0.07,-0.06,-0.05,724,-1
2021-04-28 15:02:58.665403,32.91,101856.11,81.34,-44.12,-8.85,3.79,-3.02,0.09,-0.05,-0.03,1765,-1
2021-04-28 15:02:59.144205,32.92,101854.81,79.49,-44.02,-8.37,3.38,-3.09,0.10,-0.08,-0.04,631,-1
2021-04-28 15:02:59.624926,32.92,101853.75,77.56,-43.93,-8.09,3.44,-2.87,0.13,-0.07,-0.11,15155,-1
2021-04-28 15:03:00.104548,32.93,101856.36,76.02,-44.15,-9.34,0.57,-2.69,0.77,-0.29,-0.25,13340,-1
2021-04-28 15:03:00.585090,32.94,101862.55,76.22,-44.66,-9.08,0.30,-3.01,0.08,0.03,0.06,13830,-1
2021-04-28 15:03:01.064229,32.98,101847.72,77.18,-43.43,-9.68,1.24,-2.99,-0.05,-0.24,-0.29,13569,-1
2021-04-28 15:03:01.544243,32.96,101858.52,78.43,-44.32,-9.28,2.07,-2.18,0.35,-0.20,0.08,9329,-1
2021-04-28 15:03:02.025202,32.99,101855.72,79.69,-44.09,-9.15,1.07,-2.20,0.42,-0.16,0.16,25748,-1
2021-04-28 15:03:02.505418,32.97,101857.89,80.92,-44.27,-9.36,1.15,-2.28,-0.07,0.04,-0.00,9706,-1
2021-04-28 15:03:02.984653,32.99,101851.97,81.86,-43.78,-9.95,0.17,-2.72,0.34,-0.07,-0.46,1905,-1
2021-04-28 15:03:03.465006,32.91,101864.53,81.92,-44.82,-9.62,-0.49,-2.84,0.31,-0.46,0.07,4174,-1
2021-04-28 15:03:03.944184,33.19,101858.70,81.26,-44.34,-9.48,1.91,-3.52,0.03,-0.01,-0.03,9636,-1
2021-04-28 15:03:04.424758,32.96,101867.05,82.55,-45.03,-10.99,3.06,-2.56,0.16,-0.09,0.35,4194,-1
2021-04-28 15:03:04.904480,33.18,101859.55,83.25,-44.41,-9.61,2.46,-2.59,-0.14,-0.10,-0.14,5618,-1
2021-04-28 15:03:05.388934,32.74,101853.45,84.25,-43.90,-9.12,2.65,-2.63,0.15,-0.05,-0.21,29718,-1
2021-04-28 15:03:05.864972,32.84,101854.22,81.66,-43.97,-9.11,2.24,-4.21,0.00,0.14,-0.14,32791,-1
2021-04-28 15:03:06.344549,32.85,101852.98,79.52,-43.87,-8.96,2.62,-3.24,0.11,-0.18,0.25,1212,-1
2021-04-28 15:03:06.825317,32.84,101851.09,76.94,-43.71,-9.52,1.49,-4.30,0.05,0.13,-0.40,4375,-1
2021-04-28 15:03:07.305121,32.84,101854.50,72.26,-43.99,-8.82,1.39,-3.07,1.07,-0.28,-0.26,2069,-1
2021-04-28 15:03:07.785059,33.01,101850.17,69.49,-43.63,-9.30,2.26,-1.82,-0.00,0.18,-0.12,674,-1
2021-04-28 15:03:08.265187,32.86,101851.02,70.74,-43.70,-8.94,2.10,-2.44,0.59,-0.11,-0.07,957,-1
2021-04-28 15:03:08.745587,32.76,101848.34,69.79,-43.48,-9.77,0.89,-2.08,-0.05,0.02,-0.08,629,-1
2021-04-28 15:03:09.224444,32.75,101849.36,66.74,-43.57,-9.16,0.88,-1.30,0.61,-0.58,-0.63,1337,-1
2021-04-28 15:03:09.704275,32.78,101847.45,62.55,-43.41,-8.59,1.87,-1.04,-0.15,-0.42,-0.18,23530,-1
2021-04-28 15:03:10.184621,32.84,101852.20,60.90,-43.80,-10.10,-0.98,-1.28,0.00,-0.01,-0.03,546,-1
2021-04-28 15:03:10.664355,32.77,101849.59,62.83,-43.58,-10.73,-1.00,-1.30,-1.04,-0.15,-0.09,559,-1
2021-04-28 15:03:11.144635,32.74,101844.62,63.74,-43.17,-9.97,-1.64,0.38,-0.25,-0.53,-0.35,543,-1
2021-04-28 15:03:11.624866,32.73,101843.20,62.43,-43.05,-9.32,-0.71,1.53,0.37,-0.42,0.32,5069,-1
2021-04-28 15:03:12.105170,32.77,101846.91,59.91,-43.36,-9.38,0.52,1.97,-0.26,0.36,0.05,4346,-1
2021-04-28 15:03:12.585056,33.07,101845.69,60.57,-43.52,-11.16,-0.12,0.47,-0.07,0.24,-0.44,686,-1
2021-04-28 15:03:13.067692,32.68,101844.92,65.01,-43.20,-8.88,-0.01,1.35,-0.33,0.79,0.62,762,-1
2021-04-28 15:03:13.544436,32.63,101843.79,65.21,-43.10,-10.39,-1.42,1.21,-0.05,0.53,-0.45,1755,-1
2021-04-28 15:03:14.025842,32.68,101823.66,63.08,-41.43,-9.62,-1.75,0.73,-0.13,-0.17,-0.01,25667,-1
2021-04-28 15:03:14.504396,32.69,101844.47,59.88,-43.16,-9.32,-1.58,0.26,-0.23,-0.04,-0.21,13405,-1
2021-04-28 15:03:14.984869,32.73,101852.36,58.67,-43.81,-9.19,-2.42,0.17,0.07,-0.10,-0.20,6164,-1
2021-04-28 15:03:15.465263,32.88,101855.08,61.13,-44.04,-9.33,-3.05,-0.22,-0.17,-0.04,-0.13,630,-1
2021-04-28 15:03:15.945237,32.87,101848.94,65.79,-43.53,-9.77,-2.59,-0.55,0.15,-0.11,-0.04,667,-1
2021-04-28 15:03:16.425231,32.71,101850.70,70.19,-43.68,-9.48,-1.72,0.30,-0.06,-0.09,-0.10,11675,-1
2021-04-28 15:03:16.905202,32.83,101852.99,73.18,-43.87,-9.02,-2.29,0.58,0.23,0.00,-0.05,3466,-1
2021-04-28 15:03:17.384917,32.94,101854.56,76.10,-44.00,-9.32,-2.99,-0.06,0.14,-0.07,-0.20,15541,-1
2021-04-28 15:03:17.865320,32.88,101856.19,78.78,-44.13,-9.96,-1.80,-0.62,0.21,0.14,0.11,12318,-1
2021-04-28 15:03:18.345285,32.85,101857.50,81.13,-44.24,-9.87,-1.67,-0.27,0.09,0.01,-0.14,991,-1
2021-04-28 15:03:18.824535,32.85,101856.66,82.98,-44.17,-9.38,-1.81,0.13,0.08,0.01,-0.09,553,-1
2021-04-28 15:03:19.306546,32.85,101858.56,84.50,-44.33,-9.02,-2.29,-0.19,0.06,-0.09,0.02,582,-1
2021-04-28 15:03:19.785682,32.84,101856.56,85.78,-44.16,-9.64,-2.74,-0.29,0.18,-0.06,-0.14,520,-1
2021-04-28 15:03:20.265422,32.83,101858.75,86.77,-44.24,-9.72,-1.68,0.29,0.05,-0.04,0.04,520,-1
2021-04-28 15:03:20.745780,32.81,101851.34,87.51,-43.73,-10.02,-2.21,-0.41,-0.03,-0.05,0.02,657,-1
2021-04-28 15:03:21.226343,32.68,101846.04,87.84,-43.29,-9.54,-2.31,-0.50,0.04,-0.02,-0.20,608,-1
2021-04-28 15:03:21.704986,32.70,101848.53,85.74,-43.50,-9.87,-1.89,-0.58,0.16,-0.04,0.00,3476,-1
2021-04-28 15:03:22.184832,32.78,101853.54,81.82,-43.91,-10.18,-1.89,-0.36,0.09,-0.07,-0.04,2800,-1
2021-04-28 15:03:22.665501,32.92,101857.27,80.57,-44.22,-9.73,-2.31,-0.31,0.09,-0.09,-0.04,869,-1
2021-04-28 15:03:23.145284,32.94,101858.37,81.80,-44.31,-9.13,-2.21,0.12,0.08,-0.00,-0.05,564,-1
2021-04-28 15:03:23.626341,32.87,101854.35,83.49,-43.98,-10.15,-1.48,-0.51,0.10,-0.06,-0.06,779,-1
2021-04-28 15:03:24.104730,32.80,101859.78,84.44,-44.43,-9.98,-1.29,-0.35,0.09,-0.04,-0.02,21160,-1
2021-04-28 15:03:24.585714,32.89,101861.43,83.70,-44.57,-10.15,-1.24,-0.22,0.01,-0.10,-0.03,5502,-1
2021-04-28 15:03:25.065351,33.07,101858.31,84.30,-44.31,-10.27,-1.65,-0.38,0.08,-0.12,-0.08,1050,-1
2021-04-28 15:03:25.545016,33.06,101855.47,85.78,-44.07,-9.68,-2.12,-0.79,0.09,-0.01,-0.12,648,-1
2021-04-28 15:03:26.029316,32.95,101856.17,87.24,-44.13,-9.90,-2.08,-0.93,0.12,-0.09,-0.04,497,-1
2021-04-28 15:03:26.505625,32.83,101866.78,88.33,-45.01,-10.16,-1.51,-0.63,0.04,0.01,0.04,15629,-1
2021-04-28 15:03:26.985694,33.06,101858.99,88.75,-44.36,-10.10,-1.73,-0.80,0.06,-0.03,-0.03,1109,-1
2021-04-28 15:03:27.465630,33.15,101859.75,89.53,-44.43,-9.97,-1.83,-0.82,0.07,-0.04,-0.04,480,-1
2021-04-28 15:03:27.945354,33.05,101858.11,90.48,-44.07,-9.96,-1.88,-0.97,0.08,-0.04,-0.01,568,-1
2021-04-28 15:03:28.425300,32.99,101861.84,91.22,-44.60,-10.28,-1.47,-0.90,0.08,-0.05,-0.00,11441,-1
2021-04-28 15:03:28.905654,32.91,101866.71,91.53,-45.00,-10.18,-1.53,-0.75,0.07,-0.05,-0.03,3213,-1
2021-04-28 15:03:29.385600,33.09,101860.30,91.83,-44.47,-9.74,-2.30,-0.91,0.01,-0.08,-0.02,555,-1
2021-04-28 15:03:29.865518,33.07,101857.77,92.44,-44.26,-9.66,-2.29,-0.32,-0.30,-0.20,-0.11,509,-1
2021-04-28 15:03:30.345504,33.03,101854.33,92.96,-43.98,-9.34,-2.51,-0.31,0.12,-0.06,-0.00,569,-1
2021-04-28 15:03:30.826330,33.00,101865.25,93.31,-44.88,-9.60,-2.37,-0.22,0.09,-0.02,0.01,7058,-1
2021-04-28 15:03:31.305734,33.05,101859.89,93.49,-44.44,-9.47,-2.49,-0.18,0.10,-0.03,-0.04,2166,-1
2021-04-28 15:03:31.785367,33.13,101860.33,93.72,-44.47,-9.22,-2.32,-0.03,0.13,-0.02,-0.01,547,-1
2021-04-28 15:03:32.265549,33.09,101862.38,93.99,-44.64,-9.10,-2.06,0.03,0.09,-0.00,-0.04,675,-1
2021-04-28 15:03:32.745615,33.05,101857.00,94.21,-44.20,-9.09,-2.04,-0.25,0.09,-0.02,-0.05,750,-1
2021-04-28 15:03:33.225589,32.99,101869.28,94.06,-45.22,-9.17,-2.21,-0.32,0.09,-0.05,-0.01,6208,-1
2021-04-28 15:03:33.706729,32.91,101865.88,92.59,-44.93,-9.21,-2.27,-0.12,0.08,-0.03,-0.01,3548,-1
2021-04-28 15:03:34.185516,33.13,101863.06,91.97,-44.70,-9.20,-2.03,-0.06,0.08,-0.03,-0.03,735,-1
2021-04-28 15:03:34.665411,33.08,101853.39,92.26,-43.90,-9.09,-2.35,-0.49,0.09,-0.04,-0.10,926,-1
2021-04-28 15:03:35.146832,32.90,101863.20,91.34,-44.71,-9.50,-2.34,-0.72,0.10,-0.04,-0.05,16908,-1
2021-04-28 15:03:35.626959,32.83,101865.17,88.78,-44.88,-10.07,-1.86,-0.83,0.11,-0.03,-0.03,12759,-1
2021-04-28 15:03:36.105611,32.87,101862.55,87.62,-44.66,-10.14,-1.57,-0.62,0.08,-0.04,-0.05,15373,-1
2021-04-28 15:03:36.585093,32.90,101864.88,87.35,-44.85,-9.88,-1.09,-0.41,0.12,0.03,-0.04,15847,-1
2021-04-28 15:03:37.065721,32.93,101865.52,87.55,-44.90,-9.30,-2.23,-0.39,0.02,-0.07,-0.07,16333,-1
2021-04-28 15:03:37.547108,32.96,101862.81,88.04,-44.68,-9.41,-2.17,-0.55,0.07,-0.04,-0.04,5972,-1
2021-04-28 15:03:38.025036,32.95,101864.83,88.67,-44.85,-9.25,-2.27,-0.49,0.09,-0.03,-0.04,2459,-1
2021-04-28 15:03:38.504913,32.94,101863.45,89.28,-44.73,-9.12,-2.03,-0.32,0.08,-0.04,-0.04,6086,-1
2021-04-28 15:03:38.985962,32.93,101865.02,89.75,-44.86,-9.47,-1.69,-0.37,0.05,-0.03,0.03,30073,-1
2021-04-28 15:03:39.464982,32.95,101864.21,90.18,-44.80,-9.15,-1.74,-0.16,0.06,-0.06,-0.06,16823,-1
2021-04-28 15:03:39.945130,32.97,101865.31,90.73,-44.89,-9.26,-1.68,-0.10,0.03,0.07,0.10,9036,-1
2021-04-28 15:03:40.425661,33.00,101862.52,91.23,-44.66,-9.28,-1.46,-0.20,0.11,-0.01,0.02,5998,-1
2021-04-28 15:03:40.905716,33.04,101861.47,91.81,-44.57,-9.57,-1.35,-0.23,0.05,-0.02,-0.02,508,-1
2021-04-28 15:03:41.385913,33.03,101858.41,92.21,-44.32,-9.64,-1.27,-0.50,0.07,-0.02,0.06,647,-1
2021-04-28 15:03:41.869240,32.95,101865.05,92.42,-44.87,-9.12,-1.76,-0.50,0.11,-0.08,-0.06,614,-1
2021-04-28 15:03:42.347791,32.87,101864.34,89.99,-44.81,-9.31,-2.36,-0.70,0.10,-0.06,-0.02,931,-1
2021-04-28 15:03:42.825777,32.90,101864.38,87.02,-44.81,-9.95,-2.02,-0.73,0.08,-0.05,-0.03,813,-1
2021-04-28 15:03:43.305672,32.97,101865.09,85.61,-44.87,-10.21,-1.57,-0.71,0.08,-0.03,-0.03,727,-1
2021-04-28 15:03:43.785608,32.96,101865.66,85.52,-44.92,-10.27,-1.36,-0.73,0.09,-0.07,-0.04,1036,-1
2021-04-28 15:03:44.265809,32.94,101865.62,85.84,-44.91,-10.02,-2.07,-0.84,0.15,-0.04,0.01,1958,-1
2021-04-28 15:03:44.745929,32.94,101866.80,86.06,-45.01,-10.07,-1.38,-0.71,0.03,-0.03,-0.00,8190,-1
2021-04-28 15:03:45.225850,33.01,101866.47,86.43,-44.98,-9.38,-1.19,-0.10,0.05,-0.05,-0.02,1730,-1
2021-04-28 15:03:45.705119,32.98,101866.59,87.07,-44.99,-9.10,-2.07,-0.31,0.06,-0.05,-0.01,831,-1
2021-04-28 15:03:46.187611,32.95,101866.22,87.63,-44.96,-10.03,-2.09,-1.01,0.08,-0.05,-0.02,878,-1
2021-04-28 15:03:46.667232,32.89,101865.78,87.62,-44.93,-9.78,-1.00,-0.51,0.09,-0.05,-0.04,1342,-1
2021-04-28 15:03:47.145301,32.88,101863.50,85.27,-44.74,-9.06,-2.23,-0.54,0.04,-0.08,-0.07,1555,-1
2021-04-28 15:03:47.625515,32.90,101867.39,83.13,-45.06,-10.10,-1.29,-0.62,0.09,-0.15,-0.15,16457,-1
2021-04-28 15:03:48.110169,32.95,101864.33,81.61,-44.81,-9.17,-2.27,-0.41,0.13,-0.19,-0.02,7774,-1
2021-04-28 15:03:48.585905,32.97,101862.64,81.68,-44.67,-10.41,-1.80,-0.56,0.07,-0.15,-0.26,1685,-1
2021-04-28 15:03:49.065772,33.01,101865.02,82.45,-44.86,-8.87,-2.26,0.28,0.10,-0.01,-0.00,1026,-1
2021-04-28 15:03:49.545823,33.07,101860.83,83.66,-44.44,-10.21,-1.78,-0.61,0.08,-0.01,-0.01,713,-1
2021-04-28 15:03:50.025853,33.02,101863.50,85.04,-44.74,-8.65,-2.34,0.12,0.09,-0.04,-0.08,609,-1
2021-04-28 15:03:50.505894,33.00,101866.98,86.15,-45.03,-10.10,-2.40,-0.63,0.08,-0.02,-0.00,700,-1
2021-04-28 15:03:50.985756,32.97,101859.51,87.11,-44.41,-8.89,-1.73,-0.30,0.06,-0.05,-0.09,1074,-1
2021-04-28 15:03:51.465705,32.81,101860.77,86.75,-44.51,-10.23,-1.92,-0.66,0.12,-0.10,0.03,4233,-1
2021-04-28 15:03:51.945945,32.87,101862.00,84.04,-44.61,-9.04,-2.36,-0.26,0.09,-0.03,-0.04,12688,-1
2021-04-28 15:03:52.425901,32.90,101860.91,82.21,-44.52,-9.31,-1.17,0.04,0.22,-0.06,0.06,7228,-1
2021-04-28 15:03:52.906600,32.96,101864.59,81.66,-44.83,-10.03,-1.85,-0.26,0.19,-0.04,0.01,1892,-1
2021-04-28 15:03:53.385973,32.93,101865.30,82.13,-44.89,-9.50,-1.38,0.35,0.08,-0.14,-0.06,18630,-1
2021-04-28 15:03:53.865760,32.94,101866.80,82.67,-45.01,-10.46,-1.05,-0.29,0.05,-0.01,0.15,4711,-1
2021-04-28 15:03:54.346283,32.92,101869.05,83.19,-45.20,-8.94,-1.22,0.59,0.07,-0.24,-0.10,1664,-1
2021-04-28 15:03:54.825785,32.98,101862.45,83.71,-44.65,-10.30,-1.64,-0.17,0.07,-0.08,-0.05,734,-1
2021-04-28 15:03:55.306005,32.91,101857.78,84.22,-44.26,-9.17,-2.06,0.19,0.11,-0.06,-0.04,925,-1
2021-04-28 15:03:55.786070,32.86,101858.55,83.54,-44.33,-8.71,-1.93,0.35,0.18,-0.05,-0.04,31404,-1
2021-04-28 15:03:56.265828,32.92,101859.73,81.56,-44.42,-9.02,-1.86,0.16,0.13,-0.07,-0.03,9798,-1
2021-04-28 15:03:56.745979,32.94,101858.31,80.94,-44.31,-8.93,-1.68,0.02,0.10,-0.04,-0.03,9688,-1
2021-04-28 15:03:57.226005,32.96,101858.46,81.51,-44.54,-9.06,-1.85,0.25,0.11,-0.05,0.05,8574,-1
2021-04-28 15:03:57.706012,32.97,101864.47,82.61,-44.82,-9.30,-1.27,-0.07,0.05,-0.06,-0.04,1784,-1
2021-04-28 15:03:58.185932,32.96,101864.16,83.84,-44.79,-10.24,-1.10,-0.35,0.07,-0.09,0.01,12449,-1
2021-04-28 15:03:58.665925,32.95,101862.38,84.69,-44.64,-9.55,-1.94,-0.23,0.07,-0.03,-0.09,909,-1
2021-04-28 15:03:59.146061,32.96,101860.86,85.29,-44.52,-8.99,-1.47,-0.23,0.07,0.01,0.01,2688,-1
2021-04-28 15:03:59.626086,32.96,101864.70,85.65,-44.84,-9.88,-1.14,-0.32,0.04,-0.05,-0.04,906,-1
2021-04-28 15:04:00.105940,32.91,101845.39,85.93,-43.24,-10.22,-1.30,-0.42,0.08,-0.09,-0.09,799,-1
2021-04-28 15:04:00.585924,32.88,101849.88,84.46,-43.61,-10.19,-1.23,-0.38,0.09,-0.07,-0.04,771,-1
2021-04-28 15:04:01.065892,32.89,101859.30,80.52,-44.39,-10.12,-1.17,-0.16,0.11,-0.05,-0.01,3887,-1
2021-04-28 15:04:01.546117,33.01,101861.16,77.47,-44.54,-9.12,-0.95,0.15,0.11,-0.01,-0.08,9382,-1
2021-04-28 15:04:02.026033,33.03,101867.23,77.61,-45.05,-9.03,-1.41,0.44,0.08,-0.04,-0.02,5756,-1
2021-04-28 15:04:02.505748,33.05,101846.05,79.86,-43.29,-9.85,-1.79,0.24,0.06,-0.06,-0.03,1351,-1
2021-04-28 15:04:02.986172,32.87,101849.16,82.52,-43.55,-10.40,-1.15,-0.39,0.06,-0.04,-0.04,801,-1
2021-04-28 15:04:03.465958,32.89,101859.14,84.75,-44.38,-9.09,-0.97,-0.15,0.03,-0.09,-0.11,5026,-1
2021-04-28 15:04:03.946139,33.01,101857.14,85.26,-44.21,-9.75,-2.29,0.12,-0.18,-0.18,-0.15,3989,-1
2021-04-28 15:04:04.425925,33.09,101859.64,85.25,-44.42,-10.15,-1.94,0.01,0.17,-0.11,0.15,1331,-1
2021-04-28 15:04:04.906196,33.05,101858.28,85.70,-44.30,-10.33,-1.42,0.24,0.20,-0.02,-0.02,683,-1
2021-04-28 15:04:05.386172,33.02,101857.86,86.34,-44.27,-9.06,-1.71,-0.49,0.38,0.47,-0.30,770,-1
2021-04-28 15:04:05.865932,32.96,101854.16,86.83,-43.96,-9.03,-3.48,-0.92,0.13,-0.12,-0.11,870,-1
2021-04-28 15:04:06.346156,32.91,101856.60,86.89,-44.17,-9.81,-2.61,-0.79,0.08,-0.16,-0.03,1196,-1
2021-04-28 15:04:06.825472,32.95,101857.47,85.14,-44.24,-8.68,-2.81,-0.16,0.09,-0.11,0.10,1110,-1
2021-04-28 15:04:07.306215,32.99,101854.32,82.68,-43.98,-10.20,-1.71,-0.56,0.07,-0.05,-0.08,690,-1
2021-04-28 15:04:07.786195,32.99,101855.77,81.96,-44.10,-8.86,-2.80,-0.25,0.08,-0.08,-0.01,1076,-1
2021-04-28 15:04:08.266093,33.00,101853.25,81.99,-43.89,-8.98,-2.39,-0.15,0.05,-0.07,-0.07,680,-1
2021-04-28 15:04:08.746210,33.01,101854.92,82.00,-44.03,-9.17,-2.11,-0.17,0.10,-0.05,-0.03,643,-1
2021-04-28 15:04:09.226158,33.01,101853.74,82.09,-43.93,-9.78,-2.64,-0.70,0.09,-0.05,-0.01,676,-1
2021-04-28 15:04:09.706356,33.01,101855.31,82.30,-44.06,-9.08,-2.64,-0.59,0.10,-0.09,-0.05,993,-1
2021-04-28 15:04:10.185825,32.97,101855.38,81.21,-44.06,-9.89,-1.78,-0.37,0.11,-0.05,-0.06,782,-1
2021-04-28 15:04:10.666130,32.96,101859.41,78.52,-44.40,-9.53,-1.18,-0.07,0.33,-0.05,0.14,16277,-1
2021-04-28 15:04:11.146262,32.97,101854.09,76.18,-43.96,-9.22,-2.17,0.79,-0.03,0.01,0.09,9002,-1
2021-04-28 15:04:11.626217,32.98,101855.42,74.80,-44.07,-9.99,-1.29,0.40,0.09,-0.08,-0.08,1323,-1
2021-04-28 15:04:12.106240,32.98,101851.68,74.62,-43.76,-9.03,-2.46,0.64,0.09,0.01,-0.09,1101,-1
2021-04-28 15:04:12.586380,33.00,101851.41,74.89,-43.74,-10.24,-1.80,0.21,0.08,-0.14,-0.11,780,-1
2021-04-28 15:04:13.066182,33.01,101854.64,75.43,-44.00,-9.00,-2.92,1.37,0.17,-0.15,-0.07,797,-1
2021-04-28 15:04:13.545642,32.89,101853.38,75.17,-43.90,-8.94,-2.16,1.89,-0.03,-0.28,-0.11,817,-1
2021-04-28 15:04:14.026327,32.90,101854.50,71.73,-43.99,-9.59,-2.48,2.80,0.03,-0.45,-0.18,956,-1
2021-04-28 15:04:14.506382,32.95,101851.09,68.73,-43.71,-8.57,-2.64,3.57,0.21,-0.08,-0.01,541,-1
2021-04-28 15:04:14.986336,32.97,101851.53,68.06,-43.75,-9.07,-2.86,3.54,0.14,-0.03,-0.11,917,-1
2021-04-28 15:04:15.466243,32.95,101853.88,68.22,-43.94,-8.37,-2.92,3.27,0.16,-0.04,-0.01,733,-1
2021-04-28 15:04:15.946300,32.93,101850.95,67.11,-43.70,-9.48,-1.94,4.14,0.18,0.01,0.06,9334,-1
2021-04-28 15:04:16.426318,32.93,101851.61,65.14,-43.75,-8.14,-2.36,4.29,0.14,-0.14,-0.20,5936,-1
2021-04-28 15:04:16.906470,32.95,101853.17,63.49,-43.88,-8.31,-3.03,4.18,0.18,-0.14,-0.07,4998,-1
2021-04-28 15:04:17.386354,32.97,101850.23,63.37,-43.64,-9.21,-1.79,4.72,0.23,-0.15,-0.11,745,-1
2021-04-28 15:04:17.866220,32.99,101852.20,64.96,-43.80,-8.51,-1.89,5.32,0.09,-0.13,0.05,724,-1
2021-04-28 15:04:18.346359,32.93,101852.80,66.78,-43.85,-8.11,-2.32,5.29,0.09,-0.08,-0.09,789,-1
2021-04-28 15:04:18.826359,32.93,101848.38,66.29,-43.56,-9.15,-2.01,4.10,0.10,0.11,0.14,861,-1
2021-04-28 15:04:19.306222,32.95,101845.84,64.39,-43.27,-9.04,-1.40,3.77,0.28,0.18,0.03,962,-1
2021-04-28 15:04:19.786272,32.92,101850.23,63.13,-43.64,-9.48,-0.68,2.60,0.01,-0.17,-0.11,8754,-1
2021-04-28 15:04:20.266712,32.93,101841.91,61.14,-42.95,-9.61,-0.37,2.90,0.00,0.07,0.01,4106,-1
2021-04-28 15:04:20.746282,33.01,101847.10,59.83,-43.38,-9.32,-0.60,2.80,-0.08,-0.22,-0.17,3546,-1
2021-04-28 15:04:21.226240,33.06,101847.77,60.85,-43.43,-8.78,-1.00,2.88,-0.09,-0.04,-0.08,1884,-1
2021-04-28 15:04:21.706534,33.00,101847.72,63.43,-43.43,-9.07,-1.44,2.99,-0.29,-0.26,-0.13,1203,-1
2021-04-28 15:04:22.186435,32.90,101851.31,66.09,-43.73,-9.57,-0.26,2.77,0.46,0.05,0.06,21056,-1
2021-04-28 15:04:22.666288,32.97,101851.47,67.48,-43.74,-9.50,1.46,2.26,-0.13,0.05,0.15,19309,-1
2021-04-28 15:04:23.146839,33.18,101850.83,68.38,-43.69,-9.82,1.01,3.31,0.14,0.01,-0.06,2706,-1
2021-04-28 15:04:23.626439,33.31,101853.82,69.87,-43.94,-10.08,0.82,3.02,0.08,0.04,-0.08,1319,-1
2021-04-28 15:04:24.106516,33.26,101852.36,71.82,-43.81,-9.38,0.09,2.44,0.16,-0.06,-0.09,1194,-1
2021-04-28 15:04:24.586375,33.11,101846.27,73.96,-43.31,-10.16,-0.32,1.98,0.20,-0.03,-0.05,1404,-1
2021-04-28 15:04:25.066654,32.86,101853.20,75.77,-43.88,-8.74,0.91,1.97,0.42,-0.26,0.31,31340,-1
2021-04-28 15:04:25.546513,32.98,101856.43,76.79,-44.15,-8.84,1.41,4.98,-0.05,-0.34,-0.16,2122,-1
2021-04-28 15:04:26.026354,33.03,101852.94,77.76,-43.86,-9.28,0.06,5.77,0.25,-0.17,-0.33,21356,-1
2021-04-28 15:04:26.506687,33.03,101855.06,78.65,-44.01,-9.19,0.36,4.76,-0.00,0.08,-0.08,17419,-1
2021-04-28 15:04:26.985967,33.05,101854.42,79.45,-43.98,-9.24,0.04,5.18,0.10,0.05,-0.02,3042,-1
2021-04-28 15:04:27.466668,33.11,101855.31,80.19,-44.06,-9.15,-0.18,5.22,0.06,0.05,-0.05,4761,-1
2021-04-28 15:04:27.945881,33.13,101856.75,80.86,-44.18,-8.50,0.28,4.97,0.30,-0.09,0.02,2020,-1
2021-04-28 15:04:28.426533,33.10,101855.60,81.59,-44.08,-8.49,1.32,5.53,-0.15,0.03,-0.05,899,-1
2021-04-28 15:04:28.906210,33.04,101855.39,82.26,-44.06,-9.00,0.24,5.33,-0.02,0.05,-0.03,961,-1
2021-04-28 15:04:29.386554,32.96,101856.84,82.63,-44.18,-8.58,0.39,4.42,0.07,0.10,0.18,841,-1
2021-04-28 15:04:29.866317,32.99,101849.02,82.18,-43.54,-9.78,-0.43,3.72,0.66,-0.05,-0.07,1742,-1
2021-04-28 15:04:30.346588,32.97,101848.12,81.32,-43.46,-8.34,0.27,4.12,0.09,-0.03,-0.13,1626,-1
2021-04-28 15:04:30.826434,32.92,101850.12,79.55,-43.63,-7.72,-0.17,4.10,0.48,-0.04,-0.14,22411,-1
2021-04-28 15:04:31.306505,32.94,101846.30,76.87,-43.31,-9.59,0.22,3.46,-0.01,-0.02,-0.02,4953,-1
2021-04-28 15:04:31.785858,32.96,101844.55,74.27,-43.17,-8.28,0.06,3.95,0.04,-0.03,-0.05,1053,-1
2021-04-28 15:04:32.266486,32.95,101852.27,72.56,-43.81,-8.01,-0.58,4.27,0.08,-0.06,0.03,8087,-1
2021-04-28 15:04:32.746567,32.98,101847.72,71.58,-43.43,-8.07,-0.61,4.11,0.06,0.05,-0.06,11072,-1
2021-04-28 15:04:33.226255,32.99,101853.66,71.26,-43.92,-8.30,-0.47,4.41,0.03,-0.04,-0.06,13002,-1
2021-04-28 15:04:33.707614,33.03,101853.67,71.64,-43.92,-9.64,-0.15,4.06,0.07,0.16,-0.17,9812,-1
2021-04-28 15:04:34.186518,33.04,101859.12,72.43,-44.38,-9.59,-0.95,3.56,-0.05,-0.13,-0.08,1045,-1
2021-04-28 15:04:34.666544,33.17,101854.70,73.52,-44.01,-9.61,-0.92,4.23,0.00,0.02,0.24,825,-1
2021-04-28 15:04:35.146493,33.14,101858.25,75.01,-44.30,-9.05,-3.53,3.60,0.54,-0.39,-1.27,838,-1
2021-04-28 15:04:35.626666,33.10,101853.71,76.55,-43.93,-8.64,-1.82,4.45,0.35,-0.07,0.02,890,-1
2021-04-28 15:04:36.106719,32.94,101855.58,78.00,-44.08,-7.60,-1.31,4.97,0.07,-0.05,-0.03,845,-1
2021-04-28 15:04:36.586409,32.91,101857.45,78.84,-44.24,-8.98,-0.95,4.48,0.17,-0.04,-0.09,1680,-1
2021-04-28 15:04:37.067187,32.95,101857.18,78.66,-44.21,-8.36,-1.65,4.67,0.08,-0.08,-0.07,993,-1
2021-04-28 15:04:37.546493,33.00,101858.73,78.25,-44.34,-8.98,-0.98,4.99,0.05,-0.09,-0.14,854,-1
2021-04-28 15:04:38.025973,33.00,101854.37,78.08,-43.98,-8.29,-2.21,4.78,0.07,-0.07,0.00,1028,-1
2021-04-28 15:04:38.506022,32.97,101853.59,78.06,-43.92,-7.93,-2.04,4.95,0.09,-0.08,-0.05,912,-1
2021-04-28 15:04:38.986011,32.97,101855.16,77.99,-44.05,-8.21,-1.12,5.32,0.10,-0.07,-0.04,818,-1
2021-04-28 15:04:39.466507,32.97,101852.53,77.75,-43.83,-9.40,-1.49,4.47,0.08,-0.08,-0.04,1130,-1
2021-04-28 15:04:39.946759,32.94,101844.57,77.08,-43.17,-8.82,-2.04,4.34,0.08,-0.06,-0.04,946,-1
2021-04-28 15:04:40.426466,32.92,101853.08,75.68,-43.87,-7.70,-1.97,5.04,0.11,-0.08,-0.04,1275,-1
2021-04-28 15:04:40.906100,32.96,101851.20,73.23,-43.72,-7.93,-1.31,5.33,0.09,0.01,-0.07,1069,-1
2021-04-28 15:04:41.386741,32.94,101853.11,71.25,-43.88,-9.58,-1.63,3.92,0.07,-0.00,-0.03,1152,-1
2021-04-28 15:04:41.867348,32.93,101851.95,69.98,-43.78,-7.48,-1.96,5.06,0.07,0.03,-0.07,17713,-1
2021-04-28 15:04:42.346984,32.97,101846.78,68.59,-43.35,-9.02,-2.54,3.95,-0.02,0.06,0.19,21273,-1
2021-04-28 15:04:42.826904,32.98,101850.02,67.95,-43.62,-8.15,-1.84,4.25,0.06,0.06,0.08,2469,-1
2021-04-28 15:04:43.306563,32.99,101848.62,68.12,-43.50,-7.84,-2.00,4.32,0.02,0.02,0.01,24849,-1
2021-04-28 15:04:43.786866,33.01,101851.56,68.88,-43.75,-8.20,-1.45,4.59,0.05,-0.07,-0.00,10404,-1
2021-04-28 15:04:44.266745,33.01,101852.68,69.98,-43.84,-9.51,-1.60,3.79,0.07,-0.08,-0.20,10629,-1
2021-04-28 15:04:44.746240,33.01,101855.08,71.23,-44.04,-8.61,-1.19,4.12,0.15,0.09,0.12,9619,-1
2021-04-28 15:04:45.227029,33.03,101853.83,72.59,-43.94,-8.87,-1.26,3.93,0.02,-0.05,-0.05,1489,-1
2021-04-28 15:04:45.706145,32.90,101857.34,74.01,-44.23,-8.47,-1.63,3.84,0.05,0.10,0.12,14585,-1
2021-04-28 15:04:46.186141,32.92,101857.77,74.82,-44.26,-8.77,-2.37,3.59,0.00,-0.32,-0.03,11070,-1
2021-04-28 15:04:46.666857,33.02,101852.61,74.76,-43.80,-9.91,-1.33,3.17,0.10,-0.03,-0.00,11821,-1
2021-04-28 15:04:47.146894,32.99,101851.24,74.94,-43.72,-8.16,-1.59,3.67,0.12,-0.09,-0.02,7872,-1
2021-04-28 15:04:47.627017,32.97,101857.28,75.40,-44.22,-8.81,-2.25,3.32,0.09,-0.01,0.01,915,-1
2021-04-28 15:04:48.106917,33.02,101851.72,75.90,-43.76,-9.72,-1.94,3.05,0.12,-0.05,-0.08,1041,-1
2021-04-28 15:04:48.586471,33.02,101850.33,76.53,-43.65,-9.83,-1.92,3.01,0.08,-0.11,-0.03,929,-1
2021-04-28 15:04:49.066964,32.90,101851.81,77.18,-43.77,-9.88,-1.52,3.27,0.09,-0.07,-0.04,899,-1
2021-04-28 15:04:49.546229,32.91,101849.52,76.80,-43.58,-8.76,-1.26,3.63,-0.00,-0.10,0.00,1685,-1
2021-04-28 15:04:50.026222,32.94,101848.70,75.21,-43.51,-8.49,-1.96,3.27,-1.48,-0.34,0.16,7873,-1
2021-04-28 15:04:50.506922,32.97,101853.93,73.26,-43.94,-9.12,-3.62,1.95,-0.02,-0.15,-0.07,5870,-1
2021-04-28 15:04:50.987043,32.98,101851.62,72.23,-43.75,-9.71,-3.28,1.79,0.11,-0.04,-0.01,2012,-1
2021-04-28 15:04:51.467006,32.99,101850.36,71.80,-43.65,-8.40,-3.40,2.37,0.07,-0.12,-0.05,17224,-1
2021-04-28 15:04:51.946846,32.99,101853.62,71.91,-43.92,-9.69,-2.81,2.30,0.13,-0.02,-0.03,851,-1
2021-04-28 15:04:52.427061,32.97,101850.12,72.36,-43.63,-8.66,-2.72,2.65,0.11,-0.07,-0.01,21388,-1
2021-04-28 15:04:52.907081,33.00,101855.05,73.03,-44.04,-8.67,-2.51,2.94,0.09,0.09,0.05,4335,-1
2021-04-28 15:04:53.386305,32.99,101852.31,73.78,-43.81,-9.40,-2.50,2.99,0.14,-0.06,-0.02,1386,-1
2021-04-28 15:04:53.867062,33.01,101856.36,74.54,-44.15,-8.77,-3.20,3.42,0.49,0.00,0.01,810,-1
2021-04-28 15:04:54.346772,32.94,101855.08,75.37,-44.14,-9.45,-1.62,3.10,0.85,0.01,0.07,6867,-1
2021-04-28 15:04:54.827371,32.94,101856.86,75.98,-44.19,-9.78,-1.34,2.99,0.18,-0.11,-0.17,6378,-1
2021-04-28 15:04:55.307133,32.99,101861.47,75.91,-44.57,-8.43,-1.16,3.27,0.07,-0.10,-0.07,3092,-1
2021-04-28 15:04:55.786322,33.06,101821.12,75.93,-41.22,-11.32,-1.22,3.22,0.03,-0.22,-0.02,3942,-1
2021-04-28 15:04:56.267175,33.00,101830.41,75.84,-41.99,-8.84,-1.10,3.71,-0.14,-0.05,-0.03,2686,-1
2021-04-28 15:04:56.747160,32.91,101836.95,74.24,-42.54,-9.91,-1.37,2.93,0.05,-0.03,-0.05,1113,-1
2021-04-28 15:04:57.227334,32.91,101844.10,70.59,-43.13,-10.11,-1.56,2.67,0.06,-0.12,-0.04,18376,-1
2021-04-28 15:04:57.707175,32.92,101845.70,66.51,-43.26,-9.65,-2.08,2.44,0.21,0.08,-0.08,32968,-1
2021-04-28 15:04:58.187001,32.94,101845.24,63.25,-43.22,-8.75,-2.23,2.69,0.18,-0.05,0.04,18962,-1
2021-04-28 15:04:58.667359,32.95,101851.33,62.28,-43.73,-8.50,-1.27,3.64,0.07,-0.12,0.03,19329,-1
2021-04-28 15:04:59.147177,32.93,101846.77,62.60,-43.35,-9.74,-1.39,2.86,0.13,-0.13,-0.17,16562,-1
2021-04-28 15:04:59.627205,32.96,101847.18,62.97,-43.38,-9.42,-1.70,3.06,0.09,-0.01,0.00,10073,-1
2021-04-28 15:05:00.107438,32.98,101849.39,63.67,-43.57,-8.77,-1.15,3.26,0.08,0.00,0.06,14359,-1
2021-04-28 15:05:00.586952,32.90,101851.66,64.78,-43.76,-9.87,-1.12,2.89,0.07,-0.00,-0.04,2073,-1
2021-04-28 15:05:01.067196,32.99,101852.31,65.98,-43.81,-9.94,-1.49,2.41,0.04,-0.02,0.01,913,-1
2021-04-28 15:05:01.547604,32.95,101847.14,67.16,-43.38,-8.54,-1.74,2.77,0.09,-0.07,-0.05,1186,-1
2021-04-28 15:05:02.027243,32.81,101849.38,68.26,-43.57,-8.98,-1.26,2.98,0.05,-0.05,-0.09,1225,-1
2021-04-28 15:05:02.507195,32.88,101850.61,67.98,-43.67,-9.75,-1.08,2.55,0.10,-0.03,-0.02,8185,-1
2021-04-28 15:05:02.986997,32.85,101852.47,67.37,-43.82,-10.14,-1.61,2.12,0.16,-0.01,-0.06,18504,-1
2021-04-28 15:05:03.467321,32.86,101848.00,66.88,-43.45,-8.98,-1.63,2.26,0.16,-0.19,-0.23,4794,-1
2021-04-28 15:05:03.947309,32.89,101848.36,66.41,-43.48,-9.36,-1.61,3.15,0.24,-0.06,-0.17,867,-1
2021-04-28 15:05:04.427235,32.95,101847.30,66.23,-43.39,-9.70,-2.51,2.90,0.06,-0.22,-0.05,815,-1
2021-04-28 15:05:04.907549,32.92,101849.95,66.95,-43.61,-9.07,-1.84,3.67,0.07,-0.16,-0.12,868,-1
2021-04-28 15:05:05.386932,32.90,101848.41,68.26,-43.49,-9.20,-1.76,3.87,0.13,-0.13,-0.04,950,-1
2021-04-28 15:05:05.866556,32.86,101850.40,69.69,-43.65,-8.64,-1.86,4.14,0.06,-0.06,-0.09,964,-1
2021-04-28 15:05:06.346644,32.84,101847.34,70.56,-43.40,-7.83,-2.85,4.24,0.10,-0.05,-0.05,996,-1
2021-04-28 15:05:06.827259,32.85,101854.88,70.10,-44.02,-9.42,-2.05,3.85,0.09,-0.08,-0.02,1337,-1
2021-04-28 15:05:07.307360,32.89,101847.47,68.81,-43.41,-8.98,-3.11,3.72,0.07,-0.05,-0.05,928,-1
2021-04-28 15:05:07.787330,32.85,101843.55,68.24,-43.08,-7.72,-2.80,4.27,0.08,-0.05,-0.05,980,-1
2021-04-28 15:05:08.266818,32.84,101848.25,67.12,-43.47,-7.77,-2.39,4.40,0.07,-0.06,-0.07,952,-1
2021-04-28 15:05:08.747324,32.85,101848.01,65.06,-43.45,-8.78,-2.63,3.45,0.02,-0.24,0.06,14483,-1
2021-04-28 15:05:09.227379,32.88,101850.05,63.81,-43.62,-8.12,-1.94,4.99,0.19,0.03,0.19,13493,-1
2021-04-28 15:05:09.707578,32.89,101850.42,63.84,-43.65,-8.06,-1.33,5.48,-0.10,-0.01,0.13,12590,-1
2021-04-28 15:05:10.186719,32.90,101854.16,64.67,-43.96,-8.27,-1.37,4.39,0.52,0.03,0.04,14687,-1
2021-04-28 15:05:10.667182,32.91,101848.84,65.71,-43.52,-7.99,-1.45,3.89,0.09,-0.05,-0.04,2411,-1
2021-04-28 15:05:11.147008,32.98,101848.62,67.10,-43.50,-8.35,-1.10,4.52,0.15,-0.06,-0.08,1015,-1
2021-04-28 15:05:11.626944,33.01,101840.23,68.76,-42.81,-9.74,-1.26,4.38,0.12,-0.12,-0.11,2217,-1
2021-04-28 15:05:12.126889,32.78,101851.37,70.48,-43.73,-8.29,-0.90,4.58,0.03,-0.07,-0.05,2927,-1
2021-04-28 15:05:12.586912,32.83,101851.71,70.70,-43.76,-8.16,-1.55,4.73,-0.01,-0.03,-0.07,2239,-1
2021-04-28 15:05:13.067246,32.91,101854.76,70.35,-44.01,-7.96,-1.60,4.60,-0.01,-0.07,0.06,1175,-1
2021-04-28 15:05:13.547387,32.90,101856.66,70.54,-44.17,-5.27,-1.27,7.00,0.32,-1.56,-0.88,1110,-1
