time,temperature,pressure,humidity,altitude,accel_x,accel_y,accel_z,gyro_x,gyro_y,gyro_z,mic,red,green,blue,alpha,fan
2021-05-17 15:34:30.327687,23.94,100903.78,40.20,35.13,-0.34,-0.98,-9.76,0.10,-0.12,-0.09,262,2,2,2,5,-1
2021-05-17 15:34:30.463705,23.94,100907.38,40.14,34.83,-0.34,-0.93,-9.71,0.09,-0.12,-0.09,108,2,2,2,5,-1
2021-05-17 15:34:30.943423,23.94,100904.60,40.19,35.06,-0.34,-0.94,-9.71,0.09,-0.12,-0.09,133,2,2,2,5,-1
2021-05-17 15:34:31.423334,23.94,100907.70,40.16,34.80,-0.34,-0.94,-9.72,0.09,-0.12,-0.09,131,2,2,2,5,-1
2021-05-17 15:34:31.902488,23.94,100905.44,40.12,34.99,-0.34,-0.91,-9.70,0.09,-0.12,-0.09,104,2,2,2,5,-1
2021-05-17 15:34:32.383316,23.94,100908.95,40.13,34.70,-0.29,-0.96,-9.70,0.09,-0.12,-0.09,402,2,2,2,5,-1
2021-05-17 15:34:32.863402,23.94,100907.45,40.10,34.82,-0.27,-1.00,-9.72,0.09,-0.12,-0.09,285,2,2,2,5,-1
2021-05-17 15:34:33.343448,23.93,100907.39,40.11,34.83,-0.27,-1.02,-9.74,0.09,-0.12,-0.09,233,2,2,2,5,-1
2021-05-17 15:34:33.823451,23.94,100909.98,40.12,34.61,-0.16,-0.95,-9.71,0.09,-0.12,-0.09,252,2,2,2,5,-1
2021-05-17 15:34:34.303442,23.94,100908.55,40.06,34.73,-0.31,-0.95,-9.71,0.09,-0.12,-0.09,139,2,2,2,5,-1
2021-05-17 15:34:34.783521,23.94,100908.62,40.05,34.73,-0.32,-0.92,-9.72,0.09,-0.12,-0.09,129,2,2,2,5,-1
2021-05-17 15:34:35.263463,23.94,100908.88,40.02,34.70,-0.31,-0.90,-9.67,0.09,-0.12,-0.09,109,2,2,2,5,-1
2021-05-17 15:34:35.743010,23.94,100907.47,40.08,34.82,-0.28,-0.88,-9.74,0.09,-0.12,-0.09,90,2,2,2,5,-1
2021-05-17 15:34:36.223237,23.94,100905.52,40.07,34.98,-0.38,-0.99,-9.71,0.09,-0.12,-0.09,116,2,2,2,5,-1
2021-05-17 15:34:36.703500,23.94,100906.62,40.02,34.89,-0.51,-0.91,-9.74,0.09,-0.12,-0.09,130,2,2,2,5,-1
2021-05-17 15:34:37.183514,23.94,100907.55,40.02,34.81,-0.29,-0.85,-9.72,0.09,-0.12,-0.09,107,2,2,2,5,-1
2021-05-17 15:34:37.663971,23.94,100907.47,40.01,34.82,-0.29,-0.96,-9.72,0.09,-0.12,-0.09,106,2,2,2,5,-1
2021-05-17 15:34:38.143461,23.94,100907.63,39.97,34.81,-0.26,-0.93,-9.75,0.09,-0.12,-0.09,314,2,2,2,5,-1
2021-05-17 15:34:38.623540,23.94,100907.86,40.02,34.79,-0.28,-0.96,-9.74,0.09,-0.12,-0.09,455,2,2,2,5,-1
2021-05-17 15:34:39.103523,23.94,100906.69,40.00,34.89,-0.34,-0.95,-9.71,0.09,-0.12,-0.10,154,2,2,2,5,-1
2021-05-17 15:34:39.583527,23.94,100904.36,40.00,35.08,-0.32,-0.93,-9.73,0.09,-0.12,-0.09,237,2,2,2,5,-1
2021-05-17 15:34:40.063331,23.94,100907.80,40.00,34.79,-0.32,-0.92,-9.74,0.09,-0.12,-0.09,142,2,2,2,5,-1
2021-05-17 15:34:40.543477,23.94,100906.52,40.00,34.90,-0.29,-0.96,-9.72,0.09,-0.12,-0.09,110,2,2,2,5,-1
2021-05-17 15:34:41.023613,23.95,100906.78,40.03,34.88,-0.27,-0.97,-9.74,0.09,-0.12,-0.09,119,2,2,2,5,-1
2021-05-17 15:34:41.503546,23.94,100908.87,39.97,34.70,-0.33,-0.93,-9.72,0.09,-0.12,-0.09,233,2,2,2,5,-1
2021-05-17 15:34:41.983564,23.95,100907.02,40.02,34.86,-0.37,-0.92,-9.73,0.09,-0.12,-0.09,164,2,2,2,5,-1
2021-05-17 15:34:42.462885,23.95,100908.11,40.00,34.77,-0.33,-0.95,-9.72,0.09,-0.12,-0.09,201,2,2,2,5,-1
2021-05-17 15:34:42.943609,23.95,100907.12,39.98,34.85,-0.31,-0.94,-9.71,0.09,-0.12,-0.09,112,2,2,2,5,-1
2021-05-17 15:34:43.423650,23.95,100907.95,40.00,34.78,-0.30,-0.99,-9.77,0.09,-0.12,-0.09,117,2,2,2,5,-1
2021-05-17 15:34:43.903644,23.95,100910.47,40.02,34.57,-0.30,-0.98,-9.75,0.09,-0.12,-0.09,119,2,2,2,5,-1
2021-05-17 15:34:44.383639,23.95,100911.53,40.01,34.48,-0.32,-1.00,-9.77,0.09,-0.12,-0.09,126,2,2,2,5,-1
2021-05-17 15:34:44.863649,23.95,100912.53,40.01,34.40,-0.32,-0.94,-9.72,0.09,-0.12,-0.09,116,2,2,2,5,-1
2021-05-17 15:34:45.343822,23.95,100913.13,40.01,34.35,-0.34,-0.96,-9.74,0.09,-0.12,-0.09,110,2,2,2,5,-1
2021-05-17 15:34:45.823732,23.95,100907.84,39.97,34.79,-0.30,-0.96,-9.73,0.09,-0.12,-0.10,116,2,2,2,5,-1
2021-05-17 15:34:46.303647,23.94,100908.87,40.02,34.70,-0.32,-0.93,-9.76,0.09,-0.12,-0.09,128,2,2,2,5,-1
2021-05-17 15:34:46.783666,23.95,100910.53,40.01,34.56,-0.32,-0.95,-9.73,0.09,-0.12,-0.09,150,2,2,2,5,-1
2021-05-17 15:34:47.263686,23.95,100909.52,40.00,34.65,-0.31,-0.95,-9.72,0.09,-0.12,-0.09,93,2,2,2,5,-1
2021-05-17 15:34:47.743617,23.95,100905.00,39.99,35.03,-0.32,-0.95,-9.71,0.09,-0.12,-0.09,178,2,2,2,5,-1
2021-05-17 15:34:48.223489,23.95,100910.47,40.01,34.57,-0.29,-0.94,-9.71,0.09,-0.12,-0.09,101,2,2,2,5,-1
2021-05-17 15:34:48.703695,23.95,100909.19,40.00,34.68,-0.31,-0.96,-9.75,0.09,-0.12,-0.10,146,2,2,2,5,-1
2021-05-17 15:34:49.183704,23.95,100908.45,40.02,34.74,-0.30,-0.95,-9.72,0.09,-0.12,-0.09,95,2,2,2,5,-1
2021-05-17 15:34:49.664127,23.95,100904.59,39.99,35.06,-0.31,-0.93,-9.69,0.09,-0.12,-0.09,103,2,2,2,5,-1
2021-05-17 15:34:50.143816,23.95,100904.84,40.04,35.04,-0.30,-0.95,-9.74,0.09,-0.12,-0.09,98,2,2,2,5,-1
2021-05-17 15:34:50.623781,23.95,100907.20,40.01,34.84,-0.32,-0.95,-9.73,0.09,-0.12,-0.09,103,2,2,2,5,-1
2021-05-17 15:34:51.103737,23.95,100904.52,40.01,35.07,-0.31,-0.96,-9.72,0.09,-0.12,-0.09,109,2,2,2,5,-1
2021-05-17 15:34:51.583777,23.96,100901.41,40.01,35.33,-0.30,-0.96,-9.73,0.09,-0.12,-0.09,103,2,2,2,5,-1
2021-05-17 15:34:52.063895,23.95,100903.26,40.01,35.14,-0.32,-0.95,-9.73,0.09,-0.12,-0.09,114,2,2,2,5,-1
2021-05-17 15:34:52.543754,23.95,100900.17,40.04,35.43,-0.31,-0.97,-9.75,0.09,-0.12,-0.09,105,2,2,2,5,-1
2021-05-17 15:34:53.023757,23.95,100899.83,40.01,35.46,-0.31,-0.95,-9.70,0.09,-0.12,-0.09,109,2,2,2,5,-1
2021-05-17 15:34:53.503855,23.96,100905.25,39.96,35.01,-0.32,-0.97,-9.72,0.09,-0.12,-0.09,101,2,2,2,5,-1
2021-05-17 15:34:53.983839,23.96,100900.56,40.02,35.40,-0.30,-0.98,-9.74,0.09,-0.12,-0.09,93,2,2,2,5,-1
2021-05-17 15:34:54.463770,23.96,100903.09,40.00,35.19,-0.27,-0.94,-9.75,0.09,-0.12,-0.09,124,2,2,2,5,-1
2021-05-17 15:34:54.943640,23.96,100902.73,39.99,35.22,-0.35,-0.93,-9.72,0.09,-0.12,-0.09,95,2,2,2,5,-1
2021-05-17 15:34:55.423309,23.96,100903.17,39.99,35.18,-0.16,-1.17,-9.79,0.09,-0.12,-0.09,109,2,2,2,5,-1
2021-05-17 15:34:55.903731,23.96,100902.23,40.00,35.26,-0.31,-0.96,-9.70,0.09,-0.12,-0.09,103,2,2,2,5,-1
2021-05-17 15:34:56.383866,23.96,100905.34,39.97,35.00,-0.32,-0.93,-9.76,0.09,-0.12,-0.09,107,2,2,2,5,-1
2021-05-17 15:34:56.863832,23.96,100900.58,40.00,35.40,-0.34,-0.97,-9.77,0.09,-0.12,-0.09,171,2,2,2,5,-1
2021-05-17 15:34:57.343987,23.96,100902.31,40.00,35.25,-0.29,-0.95,-9.69,0.09,-0.12,-0.09,120,2,2,2,5,-1
2021-05-17 15:34:57.823853,23.97,100904.08,39.93,35.10,-0.30,-0.95,-9.74,0.09,-0.12,-0.09,167,2,2,2,5,-1
2021-05-17 15:34:58.303862,23.97,100906.08,40.01,34.94,-0.31,-0.96,-9.73,0.09,-0.12,-0.09,118,2,2,2,5,-1
2021-05-17 15:34:58.783942,23.96,100901.65,39.97,35.31,-0.28,-0.97,-9.74,0.09,-0.12,-0.10,113,2,2,2,5,-1
2021-05-17 15:34:59.264198,23.97,100900.41,39.99,35.41,-0.29,-0.95,-9.74,0.09,-0.12,-0.09,107,2,2,2,5,-1
2021-05-17 15:34:59.743930,23.97,100903.41,39.99,35.16,-0.31,-0.94,-9.76,0.09,-0.12,-0.09,352,2,2,2,5,-1
2021-05-17 15:35:00.224238,23.97,100902.17,39.99,35.26,-0.33,-0.97,-9.71,0.09,-0.12,-0.09,111,2,2,2,5,-1
2021-05-17 15:35:00.705317,23.97,100904.92,40.01,35.03,-0.31,-0.94,-9.69,0.09,-0.12,-0.09,96,2,2,2,5,-1
2021-05-17 15:35:01.184055,23.97,100903.92,40.01,35.12,-0.31,-0.96,-9.74,0.09,-0.12,-0.09,110,2,2,2,5,-1
2021-05-17 15:35:01.664416,23.97,100901.74,40.02,35.30,-0.34,-0.97,-9.74,0.10,-0.12,-0.09,92,2,2,2,5,-1
2021-05-17 15:35:02.144030,23.96,100904.49,40.02,35.07,-0.32,-0.94,-9.74,0.09,-0.12,-0.09,98,2,2,2,5,-1
2021-05-17 15:35:02.624037,23.96,100902.82,40.02,35.21,-0.28,-0.97,-9.71,0.09,-0.12,-0.09,115,2,2,2,5,-1
2021-05-17 15:35:03.103984,23.97,100902.17,39.95,35.26,-0.30,-0.98,-9.74,0.09,-0.12,-0.09,105,2,2,2,5,-1
2021-05-17 15:35:03.584050,23.97,100903.52,40.02,35.15,-0.32,-0.94,-9.73,0.09,-0.12,-0.09,120,2,2,2,5,-1
2021-05-17 15:35:04.064126,23.97,100905.41,40.04,34.99,-0.34,-0.97,-9.77,0.09,-0.12,-0.09,116,2,2,2,5,-1
2021-05-17 15:35:04.543976,23.97,100905.09,40.05,35.02,-0.31,-0.92,-9.69,0.09,-0.12,-0.09,100,2,2,2,5,-1
2021-05-17 15:35:05.024030,23.97,100904.92,39.97,35.03,-0.30,-0.94,-9.70,0.09,-0.12,-0.09,100,2,2,2,5,-1
2021-05-17 15:35:05.504596,23.97,100903.58,40.01,35.15,-0.32,-0.95,-9.71,0.09,-0.12,-0.09,91,2,2,2,5,-1
2021-05-17 15:35:05.984070,23.96,100907.84,39.96,34.79,-0.33,-0.96,-9.73,0.09,-0.12,-0.09,119,2,2,2,5,-1
2021-05-17 15:35:06.464127,23.97,100905.52,39.97,34.98,-0.30,-0.96,-9.72,0.09,-0.12,-0.09,117,2,2,2,5,-1
2021-05-17 15:35:06.944288,23.97,100905.58,39.97,34.98,-0.31,-0.96,-9.70,0.09,-0.12,-0.09,118,2,2,2,5,-1
2021-05-17 15:35:07.423297,23.97,100904.18,39.99,35.10,-0.30,-0.97,-9.73,0.09,-0.12,-0.09,191,2,2,2,5,-1
2021-05-17 15:35:07.904115,23.96,100899.41,40.03,35.49,-0.30,-0.96,-9.71,0.09,-0.12,-0.09,110,2,2,2,5,-1
2021-05-17 15:35:08.383727,23.96,100898.74,40.02,35.55,-0.31,-0.95,-9.72,0.09,-0.12,-0.09,110,2,2,2,5,-1
2021-05-17 15:35:08.864154,23.97,100900.89,40.01,35.37,-0.29,-0.96,-9.72,0.09,-0.12,-0.09,103,2,2,2,5,-1
2021-05-17 15:35:09.344180,23.96,100902.48,40.05,35.24,-0.31,-0.96,-9.73,0.09,-0.12,-0.09,94,2,2,2,5,-1
2021-05-17 15:35:09.824195,23.96,100906.44,40.04,34.91,-0.31,-1.00,-9.73,0.09,-0.12,-0.09,106,2,2,2,5,-1
2021-05-17 15:35:10.304259,23.97,100905.25,40.07,35.01,-0.29,-0.94,-9.68,0.09,-0.12,-0.09,110,2,2,2,5,-1
2021-05-17 15:35:10.784157,23.96,100906.67,40.04,34.89,-0.31,-0.96,-9.73,0.09,-0.12,-0.09,94,2,2,2,5,-1
2021-05-17 15:35:11.264306,23.97,100905.52,40.09,34.98,-0.31,-0.97,-9.73,0.09,-0.12,-0.09,131,2,2,2,5,-1
2021-05-17 15:35:11.744135,23.97,100905.76,40.09,34.96,-0.30,-0.96,-9.74,0.09,-0.12,-0.09,119,2,2,2,5,-1
2021-05-17 15:35:12.224194,23.97,100907.77,40.12,34.80,-0.31,-0.96,-9.70,0.09,-0.12,-0.09,105,2,2,2,5,-1
2021-05-17 15:35:12.704146,23.96,100902.31,40.11,35.25,-0.30,-0.96,-9.73,0.09,-0.12,-0.09,124,2,2,2,5,-1
2021-05-17 15:35:13.184166,23.97,100903.25,40.08,35.17,-0.34,-0.96,-9.71,0.09,-0.12,-0.09,98,2,2,2,5,-1
2021-05-17 15:35:13.664777,23.97,100904.68,40.09,35.05,-0.30,-0.96,-9.72,0.09,-0.12,-0.09,102,2,2,2,5,-1
2021-05-17 15:35:14.144220,23.97,100900.50,40.11,35.40,-0.28,-0.96,-9.72,0.09,-0.12,-0.09,98,2,2,2,5,-1
2021-05-17 15:35:14.624186,23.97,100901.33,40.09,35.33,-0.32,-0.95,-9.75,0.09,-0.12,-0.09,89,2,2,2,5,-1
2021-05-17 15:35:15.104506,23.97,100902.66,40.11,35.22,-0.33,-0.96,-9.76,0.09,-0.12,-0.09,106,2,2,2,5,-1
2021-05-17 15:35:15.584222,23.97,100900.22,40.12,35.43,-0.32,-0.95,-9.72,0.09,-0.12,-0.09,145,2,2,2,5,-1
2021-05-17 15:35:16.063737,23.98,100903.25,40.07,35.17,-0.29,-0.96,-9.71,0.09,-0.12,-0.09,93,2,2,2,5,-1
2021-05-17 15:35:16.544347,23.97,100900.65,40.04,35.39,-0.29,-0.96,-9.73,0.09,-0.12,-0.09,129,2,2,2,5,-1
2021-05-17 15:35:17.023496,23.97,100897.38,40.08,35.66,-0.33,-0.97,-9.70,0.09,-0.12,-0.09,133,2,2,2,5,-1
2021-05-17 15:35:17.504397,23.98,100903.09,40.07,35.19,-0.31,-0.97,-9.76,0.09,-0.12,-0.09,96,2,2,2,5,-1
2021-05-17 15:35:17.984263,23.98,100899.46,40.05,35.49,-0.33,-0.96,-9.71,0.09,-0.12,-0.09,147,2,2,2,5,-1
2021-05-17 15:35:18.464290,23.98,100903.65,40.08,35.14,-0.30,-0.97,-9.77,0.09,-0.12,-0.09,121,2,2,2,5,-1
2021-05-17 15:35:18.944311,23.98,100903.31,40.03,35.17,-0.31,-0.95,-9.72,0.09,-0.12,-0.09,136,2,2,2,5,-1
2021-05-17 15:35:19.424313,23.98,100900.75,40.03,35.38,-0.31,-0.96,-9.73,0.09,-0.12,-0.09,101,2,2,2,5,-1
2021-05-17 15:35:19.904318,23.98,100900.41,40.06,35.41,-0.31,-0.94,-9.73,0.09,-0.12,-0.09,206,2,2,2,5,-1
2021-05-17 15:35:20.385288,23.98,100897.62,39.99,35.64,-0.34,-0.94,-9.69,0.09,-0.12,-0.09,116,2,2,2,5,-1
2021-05-17 15:35:20.864671,23.98,100897.79,40.01,35.63,-0.32,-0.95,-9.72,0.09,-0.12,-0.09,96,2,2,2,5,-1
2021-05-17 15:35:21.344253,23.98,100900.32,39.97,35.42,-0.33,-0.96,-9.76,0.09,-0.12,-0.09,127,2,2,2,5,-1
2021-05-17 15:35:21.824007,23.98,100898.05,39.96,35.61,-0.31,-0.95,-9.71,0.09,-0.12,-0.09,97,2,2,2,5,-1
2021-05-17 15:35:22.304356,23.98,100902.16,40.01,35.26,-0.30,-0.97,-9.72,0.09,-0.12,-0.09,219,2,2,2,5,-1
2021-05-17 15:35:22.784372,23.98,100898.31,39.96,35.59,-0.32,-0.96,-9.71,0.09,-0.12,-0.09,190,2,2,2,5,-1
2021-05-17 15:35:23.264362,23.99,100897.22,39.99,35.68,-0.33,-0.97,-9.70,0.09,-0.12,-0.09,157,2,2,2,5,-1
2021-05-17 15:35:23.744414,23.99,100900.73,39.97,35.38,-0.30,-0.94,-9.73,0.09,-0.12,-0.09,187,2,2,2,5,-1
2021-05-17 15:35:24.224441,23.99,100898.47,39.99,35.57,-0.33,-0.94,-9.71,0.09,-0.12,-0.09,128,2,2,2,5,-1
2021-05-17 15:35:24.704413,23.99,100901.23,39.97,35.34,-0.29,-0.95,-9.72,0.09,-0.12,-0.09,138,1,2,2,4,-1
2021-05-17 15:35:25.184448,23.99,100898.89,39.96,35.54,-0.26,-0.94,-9.75,0.09,-0.12,-0.09,105,1,1,1,3,-1
2021-05-17 15:35:25.665082,24.00,100899.14,39.95,35.52,-0.30,-0.98,-9.71,0.09,-0.12,-0.09,98,1,1,1,3,-1
2021-05-17 15:35:26.144418,23.99,100900.62,39.96,35.39,-0.31,-0.94,-9.75,0.09,-0.12,-0.09,86,1,2,1,4,-1
2021-05-17 15:35:26.624853,24.00,100901.56,39.96,35.31,-0.33,-0.96,-9.75,0.09,-0.12,-0.09,124,1,2,1,4,-1
2021-05-17 15:35:27.104461,24.00,100901.72,39.95,35.30,-0.32,-0.95,-9.72,0.09,-0.12,-0.09,103,1,2,1,4,-1
2021-05-17 15:35:27.584447,24.00,100900.38,39.92,35.41,-0.32,-0.95,-9.74,0.09,-0.12,-0.09,108,1,2,1,4,-1
2021-05-17 15:35:28.064523,24.00,100901.31,39.96,35.33,-0.30,-0.97,-9.72,0.09,-0.12,-0.09,235,1,2,1,4,-1
2021-05-17 15:35:28.544551,24.00,100899.31,39.94,35.50,-0.30,-0.97,-9.71,0.09,-0.12,-0.09,174,1,2,1,4,-1
2021-05-17 15:35:29.024507,24.00,100896.69,39.97,35.72,-0.29,-0.94,-9.73,0.09,-0.12,-0.09,115,1,2,1,4,-1
2021-05-17 15:35:29.504471,24.00,100896.80,39.94,35.71,-0.30,-0.96,-9.68,0.09,-0.12,-0.09,101,1,2,1,4,-1
2021-05-17 15:35:29.984363,24.00,100895.95,39.92,35.78,-0.31,-0.95,-9.73,0.09,-0.12,-0.10,111,2,2,2,4,-1
2021-05-17 15:35:30.463584,24.00,100897.47,39.97,35.66,-0.27,-0.93,-9.72,0.09,-0.12,-0.09,119,1,2,2,4,-1
2021-05-17 15:35:30.944483,24.00,100895.18,39.95,35.85,-0.30,-0.98,-9.70,0.09,-0.12,-0.09,908,1,2,1,3,-1
2021-05-17 15:35:31.424555,24.00,100894.68,39.95,35.89,-0.30,-0.94,-9.74,0.09,-0.12,-0.09,125,1,1,1,3,-1
2021-05-17 15:35:31.904623,24.01,100897.38,39.96,35.66,-0.32,-1.06,-9.64,0.09,-0.13,-0.10,827,1,1,1,3,-1
2021-05-17 15:35:32.384560,24.00,100896.02,39.97,35.78,-0.59,-0.68,-9.87,0.09,-0.12,-0.09,707,1,1,1,3,-1
2021-05-17 15:35:32.864559,24.01,100899.62,40.05,35.48,0.17,-2.50,-8.52,0.04,0.18,0.39,604,1,1,1,3,-1
2021-05-17 15:35:33.343863,24.00,100899.80,40.16,35.43,-0.50,-0.92,-9.76,0.09,-0.12,-0.09,381,1,1,1,3,-1
2021-05-17 15:35:33.824594,24.00,100902.14,40.33,35.27,-0.56,-0.98,-9.66,0.09,-0.12,-0.09,381,1,1,1,3,-1
2021-05-17 15:35:34.304597,24.01,100901.95,40.42,35.28,-0.51,-0.91,-9.73,0.09,-0.12,-0.09,115,1,1,1,3,-1
2021-05-17 15:35:34.784595,24.01,100900.56,40.61,35.40,-0.54,-0.89,-9.74,0.09,-0.12,-0.09,109,1,1,1,3,-1
2021-05-17 15:35:35.264607,24.00,100901.64,40.70,35.31,-0.51,-0.91,-9.73,0.09,-0.12,-0.09,341,1,1,1,3,-1
2021-05-17 15:35:35.744640,24.01,100901.40,40.76,35.33,-0.50,-0.92,-9.71,0.09,-0.12,-0.09,169,1,1,1,3,-1
2021-05-17 15:35:36.224673,24.00,100898.12,40.83,35.60,-0.49,-0.92,-9.71,0.09,-0.12,-0.09,92,1,1,1,3,-1
2021-05-17 15:35:36.704678,24.01,100901.45,40.87,35.32,-0.53,-0.89,-9.77,0.09,-0.12,-0.09,88,1,1,1,3,-1
2021-05-17 15:35:37.184633,24.01,100898.89,40.90,35.69,-0.50,-0.91,-9.73,0.09,-0.12,-0.09,92,1,1,1,3,-1
2021-05-17 15:35:37.664754,24.00,100897.45,40.84,35.66,-0.16,-1.77,-9.50,0.10,-0.11,-0.34,133,1,1,1,3,-1
2021-05-17 15:35:38.144701,24.00,100901.98,40.77,35.28,-0.51,-0.95,-9.70,0.10,-0.12,-0.09,137,1,1,1,3,-1
2021-05-17 15:35:38.624675,24.00,100896.30,40.85,35.75,-0.54,-0.91,-9.71,0.09,-0.12,-0.09,161,1,1,1,3,-1
2021-05-17 15:35:39.104727,24.00,100897.47,40.99,35.66,-0.55,-0.90,-9.72,0.09,-0.12,-0.09,214,1,1,1,3,-1
2021-05-17 15:35:39.584686,24.00,100899.31,41.26,35.50,-0.56,-0.91,-9.69,0.09,-0.12,-0.09,103,1,1,1,3,-1
2021-05-17 15:35:40.064764,24.00,100900.65,41.51,35.39,-0.58,-0.85,-9.72,0.09,-0.12,-0.09,92,1,1,1,3,-1
2021-05-17 15:35:40.544717,24.00,100898.29,41.73,35.59,-0.50,-0.94,-9.71,0.09,-0.12,-0.09,331,1,1,1,3,-1
2021-05-17 15:35:41.024728,24.00,100899.30,41.98,35.64,-0.59,-0.91,-9.72,0.09,-0.12,-0.09,104,1,1,1,3,-1
2021-05-17 15:35:41.503824,24.00,100898.80,42.14,35.54,-0.53,-0.90,-9.71,0.09,-0.12,-0.09,84,1,1,1,3,-1
2021-05-17 15:35:41.984801,24.00,100899.81,42.31,35.46,-0.51,-0.90,-9.68,0.09,-0.12,-0.09,320,1,1,1,3,-1
2021-05-17 15:35:42.464775,24.00,100901.55,42.45,35.32,-0.52,-0.89,-9.69,0.09,-0.12,-0.09,500,1,1,1,3,-1
2021-05-17 15:35:42.944777,24.00,100899.98,42.48,35.45,-0.55,-0.89,-9.68,0.09,-0.12,-0.09,384,1,1,1,3,-1
2021-05-17 15:35:43.424703,24.00,100900.04,42.48,35.44,-0.54,-0.91,-9.74,0.09,-0.12,-0.09,155,1,1,1,3,-1
2021-05-17 15:35:43.905036,24.00,100901.47,42.50,35.32,-0.52,-0.91,-9.73,0.09,-0.12,-0.09,100,1,1,1,3,-1
2021-05-17 15:35:44.384784,24.00,100901.15,42.47,35.35,-0.54,-0.92,-9.72,0.09,-0.12,-0.09,124,1,1,1,3,-1
2021-05-17 15:35:44.865087,24.00,100900.54,42.47,35.40,-0.52,-0.89,-9.71,0.09,-0.12,-0.09,120,1,1,1,3,-1
2021-05-17 15:35:45.343910,24.00,100900.20,42.46,35.43,-0.49,-0.88,-9.71,0.09,-0.12,-0.09,126,1,2,2,4,-1
2021-05-17 15:35:45.824806,24.00,100899.46,42.47,35.49,-0.57,-0.89,-9.70,0.09,-0.12,-0.09,133,2,2,2,4,-1
2021-05-17 15:35:46.304678,24.00,100897.38,42.43,35.66,-0.55,-0.90,-9.74,0.09,-0.12,-0.09,111,2,2,2,4,-1
2021-05-17 15:35:46.785151,24.00,100901.66,42.40,35.31,-0.52,-0.89,-9.69,0.09,-0.12,-0.09,174,2,2,2,4,-1
2021-05-17 15:35:47.264833,24.00,100901.89,42.38,35.29,-0.52,-0.93,-9.71,0.09,-0.12,-0.09,168,2,2,2,4,-1
2021-05-17 15:35:47.744854,24.00,100901.72,42.30,35.30,-0.55,-0.92,-9.69,0.09,-0.12,-0.09,187,2,2,2,4,-1
2021-05-17 15:35:48.224808,23.99,100896.27,42.28,35.76,-0.57,-0.91,-9.75,0.09,-0.12,-0.09,116,2,2,2,4,-1
2021-05-17 15:35:48.704907,23.99,100898.56,42.13,35.56,-0.53,-0.90,-9.74,0.09,-0.11,-0.09,103,2,2,2,4,-1
2021-05-17 15:35:49.184891,23.99,100896.94,42.06,35.70,-0.57,-0.89,-9.76,0.09,-0.12,-0.09,104,2,2,2,4,-1
2021-05-17 15:35:49.665413,23.99,100900.64,41.90,35.39,-0.53,-0.88,-9.69,0.09,-0.12,-0.09,158,2,2,2,4,-1
2021-05-17 15:35:50.144907,23.99,100900.05,41.74,35.44,-0.55,-0.90,-9.71,0.09,-0.12,-0.09,344,2,2,2,4,-1
2021-05-17 15:35:50.624955,23.99,100899.80,41.63,35.46,-0.53,-0.92,-9.71,0.09,-0.12,-0.09,401,2,2,2,4,-1
2021-05-17 15:35:51.104969,23.98,100897.14,41.47,35.68,-0.53,-0.92,-9.77,0.09,-0.12,-0.09,443,2,2,2,4,-1
2021-05-17 15:35:51.585011,23.98,100896.30,41.30,35.75,-0.55,-0.90,-9.72,0.09,-0.12,-0.09,99,2,2,2,4,-1
2021-05-17 15:35:52.064855,23.99,100897.53,41.22,35.65,-0.55,-0.90,-9.71,0.09,-0.12,-0.09,119,2,2,2,4,-1
2021-05-17 15:35:52.544768,23.98,100896.64,41.11,35.73,-0.55,-0.89,-9.73,0.09,-0.12,-0.09,291,2,2,2,5,-1
2021-05-17 15:35:53.024970,23.99,100901.65,41.06,35.31,-0.51,-0.85,-9.70,0.09,-0.12,-0.09,228,2,2,2,5,-1
2021-05-17 15:35:53.504967,23.99,100901.05,40.95,35.36,-0.55,-0.92,-9.72,0.09,-0.12,-0.09,346,2,2,2,5,-1
2021-05-17 15:35:53.984997,23.99,100901.55,40.89,35.32,-0.53,-0.92,-9.68,0.09,-0.12,-0.09,260,2,2,2,5,-1
2021-05-17 15:35:54.464930,23.98,100899.66,40.84,35.47,-0.60,-0.83,-9.75,0.09,-0.12,-0.09,288,2,2,2,5,-1
2021-05-17 15:35:54.944413,23.98,100898.05,40.79,35.61,-0.58,-0.86,-9.70,0.09,-0.12,-0.10,261,2,2,2,5,-1
2021-05-17 15:35:55.425021,23.98,100901.40,40.82,35.33,-0.44,-0.98,-9.71,0.09,-0.12,-0.09,90,2,2,2,5,-1
2021-05-17 15:35:55.904982,23.98,100897.62,40.78,35.64,-0.47,-0.99,-9.71,0.09,-0.12,-0.09,168,2,2,2,5,-1
2021-05-17 15:35:56.385058,23.98,100898.12,40.72,35.60,-0.59,-0.90,-9.68,0.09,-0.12,-0.09,186,2,2,2,5,-1
2021-05-17 15:35:56.865075,23.98,100897.28,40.70,35.67,-0.53,-0.87,-9.76,0.09,-0.12,-0.09,176,2,2,2,5,-1
2021-05-17 15:35:57.344742,23.97,100899.98,40.62,35.45,-0.64,-0.74,-9.79,0.09,-0.12,-0.09,156,2,2,2,5,-1
2021-05-17 15:35:57.824995,23.97,100899.05,40.60,35.56,-0.60,-0.86,-9.73,0.09,-0.12,-0.09,283,2,2,2,5,-1
2021-05-17 15:35:58.305144,23.97,100899.90,40.57,35.45,-0.48,-0.96,-9.70,0.09,-0.12,-0.09,204,2,2,2,5,-1
2021-05-17 15:35:58.785122,23.97,100900.00,40.49,35.44,-0.51,-0.95,-9.71,0.09,-0.12,-0.09,446,2,2,2,5,-1
2021-05-17 15:35:59.265108,23.97,100900.89,40.48,35.37,-0.51,-0.92,-9.74,0.09,-0.12,-0.09,298,2,2,2,4,-1
2021-05-17 15:35:59.745096,23.96,100895.62,40.46,35.81,-0.55,-0.91,-9.73,0.09,-0.12,-0.09,208,2,2,2,4,-1
2021-05-17 15:36:00.225205,23.97,100900.23,40.43,35.42,-0.57,-0.90,-9.71,0.09,-0.12,-0.09,114,2,2,2,4,-1
2021-05-17 15:36:00.705261,23.96,100895.95,40.45,35.78,-0.53,-0.90,-9.71,0.09,-0.12,-0.09,131,2,2,2,4,-1
2021-05-17 15:36:01.185154,23.96,100899.58,40.40,35.48,-0.53,-0.92,-9.75,0.09,-0.12,-0.09,114,2,2,2,4,-1
2021-05-17 15:36:01.665145,23.96,100896.62,40.39,35.73,-0.54,-0.92,-9.74,0.09,-0.12,-0.09,127,2,2,2,4,-1
2021-05-17 15:36:02.145188,23.96,100901.25,40.42,35.34,-0.56,-0.93,-9.73,0.09,-0.12,-0.09,95,2,2,2,4,-1
2021-05-17 15:36:02.625185,23.96,100897.06,40.39,35.69,-0.54,-0.90,-9.72,0.09,-0.12,-0.09,205,2,2,2,4,-1
2021-05-17 15:36:03.105169,23.96,100899.66,40.35,35.47,-0.54,-0.92,-9.68,0.09,-0.12,-0.09,134,2,2,2,4,-1
2021-05-17 15:36:03.585165,23.96,100903.50,40.34,35.15,-0.55,-0.89,-9.72,0.09,-0.12,-0.09,92,2,2,2,4,-1
2021-05-17 15:36:04.065296,23.95,100898.16,40.34,35.60,-0.52,-0.93,-9.71,0.09,-0.12,-0.09,252,2,2,2,4,-1
2021-05-17 15:36:04.545206,23.96,100901.41,40.33,35.33,-0.51,-0.92,-9.71,0.09,-0.12,-0.09,128,2,2,2,4,-1
2021-05-17 15:36:05.025239,23.96,100898.41,40.35,35.58,-0.51,-0.89,-9.70,0.09,-0.12,-0.09,219,2,2,2,4,-1
2021-05-17 15:36:05.505325,23.96,100898.31,40.35,35.59,-0.56,-0.93,-9.75,0.09,-0.12,-0.09,1098,2,2,2,5,-1
2021-05-17 15:36:05.985324,23.96,100901.73,40.37,35.30,-0.52,-0.88,-9.72,0.09,-0.12,-0.09,124,2,2,2,4,-1
2021-05-17 15:36:06.465250,23.96,100896.88,40.38,35.70,-0.52,-0.89,-9.71,0.09,-0.12,-0.09,1057,1,2,2,4,-1
2021-05-17 15:36:06.945245,23.96,100899.56,40.36,35.48,-0.60,-0.93,-9.72,0.09,-0.12,-0.09,133,1,2,2,4,-1
2021-05-17 15:36:07.425243,23.96,100897.31,40.34,35.67,-0.52,-0.93,-9.75,0.09,-0.12,-0.09,156,1,2,2,4,-1
2021-05-17 15:36:07.905267,23.95,100900.00,40.34,35.44,-0.54,-0.90,-9.73,0.09,-0.12,-0.09,110,1,2,2,4,-1
2021-05-17 15:36:08.386048,23.96,100899.39,40.38,35.50,-0.51,-0.88,-9.67,0.09,-0.12,-0.09,420,1,2,1,4,-1
2021-05-17 15:36:08.865328,23.96,100900.66,40.36,35.39,-0.53,-0.91,-9.74,0.09,-0.12,-0.09,117,1,2,2,4,-1
2021-05-17 15:36:09.345253,23.96,100902.09,40.38,35.27,-0.56,-0.92,-9.73,0.09,-0.12,-0.09,132,1,2,2,4,-1
2021-05-17 15:36:09.825352,23.95,100894.38,40.40,35.91,-0.50,-0.94,-9.68,0.09,-0.12,-0.09,110,1,2,2,4,-1
2021-05-17 15:36:10.305424,23.95,100896.66,40.37,35.72,-0.52,-0.92,-9.74,0.09,-0.12,-0.09,117,1,2,2,4,-1
2021-05-17 15:36:10.785433,23.95,100897.66,40.39,35.64,-0.52,-0.92,-9.72,0.09,-0.12,-0.09,105,2,2,2,4,-1
2021-05-17 15:36:11.265374,23.96,100900.56,40.39,35.40,-0.54,-0.94,-9.73,0.09,-0.12,-0.09,108,2,2,2,4,-1
2021-05-17 15:36:11.744714,23.96,100898.55,40.38,35.57,-0.55,-0.90,-9.69,0.09,-0.12,-0.09,555,2,2,2,4,-1
2021-05-17 15:36:12.226589,23.95,100901.84,40.38,35.29,-0.46,-0.96,-9.71,0.09,-0.12,-0.09,252,2,2,2,4,-1
2021-05-17 15:36:12.705447,23.95,100902.08,40.34,35.27,-0.49,-0.95,-9.73,0.09,-0.12,-0.09,107,2,2,2,4,-1
2021-05-17 15:36:13.185375,23.95,100899.14,40.28,35.52,-0.56,-0.85,-9.74,0.09,-0.12,-0.09,216,2,2,2,4,-1
2021-05-17 15:36:13.665268,23.95,100900.26,40.33,35.42,-0.60,-0.85,-9.72,0.09,-0.12,-0.09,125,2,2,2,4,-1
2021-05-17 15:36:14.145232,23.95,100899.25,40.28,35.51,-0.53,-0.93,-9.72,0.09,-0.12,-0.09,108,2,2,2,5,-1
2021-05-17 15:36:14.624649,23.94,100901.00,40.32,35.36,-0.48,-0.94,-9.67,0.09,-0.12,-0.09,103,2,2,2,4,-1
2021-05-17 15:36:15.105426,23.94,100903.78,40.25,35.13,-0.52,-0.95,-9.71,0.09,-0.12,-0.09,157,2,2,2,4,-1
2021-05-17 15:36:15.585464,23.94,100899.27,40.20,35.51,-0.56,-0.92,-9.70,0.09,-0.12,-0.09,964,2,2,2,4,-1
2021-05-17 15:36:16.065512,23.94,100903.11,40.24,35.18,-0.54,-0.90,-9.72,0.09,-0.12,-0.09,315,2,2,2,4,-1
2021-05-17 15:36:16.545539,23.94,100901.18,40.19,35.35,-0.54,-0.88,-9.71,0.09,-0.12,-0.09,100,2,2,2,4,-1
2021-05-17 15:36:17.025468,23.94,100901.02,40.21,35.36,-0.54,-0.91,-9.68,0.09,-0.12,-0.09,184,2,2,2,5,-1
2021-05-17 15:36:17.505501,23.94,100903.09,40.19,35.19,-0.49,-0.92,-9.72,0.09,-0.12,-0.09,179,2,2,2,4,-1
2021-05-17 15:36:17.985548,23.94,100898.07,40.20,35.61,-0.55,-0.92,-9.74,0.09,-0.12,-0.10,108,2,2,2,4,-1
2021-05-17 15:36:18.465489,23.94,100899.58,40.20,35.76,-0.54,-0.89,-9.69,0.09,-0.12,-0.09,497,2,2,2,4,-1
2021-05-17 15:36:18.945525,23.93,100900.52,40.26,35.40,-0.53,-0.88,-9.68,0.09,-0.12,-0.09,274,2,2,2,4,-1
2021-05-17 15:36:19.425496,23.94,100900.75,40.21,35.38,-0.53,-0.92,-9.72,0.09,-0.12,-0.09,91,2,2,2,4,-1
2021-05-17 15:36:19.905561,23.94,100898.07,40.21,35.61,-0.54,-0.91,-9.76,0.09,-0.12,-0.09,100,2,2,2,4,-1
2021-05-17 15:36:20.385599,23.94,100897.91,40.21,35.62,-0.53,-0.90,-9.76,0.09,-0.12,-0.09,126,2,2,2,4,-1
2021-05-17 15:36:20.865647,23.94,100899.41,40.24,35.49,-0.56,-0.92,-9.77,0.09,-0.12,-0.09,136,2,2,2,4,-1
2021-05-17 15:36:21.345583,23.94,100897.09,40.23,35.69,-0.53,-0.92,-9.72,0.09,-0.12,-0.09,173,2,2,2,4,-1
2021-05-17 15:36:21.825554,23.94,100899.00,40.19,35.53,-0.53,-0.89,-9.69,0.09,-0.12,-0.09,99,2,2,2,4,-1
2021-05-17 15:36:22.306060,23.94,100901.18,40.20,35.35,-0.53,-0.92,-9.72,0.09,-0.12,-0.09,126,2,2,2,4,-1
2021-05-17 15:36:22.785612,23.94,100902.11,40.20,35.27,-0.53,-0.92,-9.74,0.09,-0.12,-0.10,117,2,2,2,4,-1
2021-05-17 15:36:23.265577,23.94,100898.84,40.16,35.54,-0.53,-0.91,-9.72,0.09,-0.12,-0.09,114,2,2,2,4,-1
2021-05-17 15:36:23.745397,23.94,100897.91,40.09,35.62,-0.53,-0.91,-9.73,0.09,-0.12,-0.09,93,2,2,2,4,-1
2021-05-17 15:36:24.225602,23.94,100901.44,40.09,35.32,-0.54,-0.90,-9.73,0.09,-0.12,-0.09,126,2,2,2,4,-1
2021-05-17 15:36:24.705583,23.94,100900.84,40.11,35.37,-0.52,-0.92,-9.73,0.09,-0.12,-0.09,108,2,2,2,4,-1
2021-05-17 15:36:25.185651,23.94,100899.43,40.07,35.49,-0.55,-0.91,-9.73,0.09,-0.12,-0.09,174,2,2,2,4,-1
2021-05-17 15:36:25.665863,23.94,100899.83,40.10,35.46,-0.54,-0.91,-9.70,0.09,-0.12,-0.09,134,2,2,2,4,-1
2021-05-17 15:36:26.145506,23.94,100901.17,40.11,35.35,-0.54,-0.91,-9.76,0.09,-0.12,-0.09,96,2,2,2,4,-1
2021-05-17 15:36:26.625625,23.94,100902.28,40.11,35.25,-0.54,-0.91,-9.71,0.09,-0.12,-0.09,92,2,2,2,4,-1
2021-05-17 15:36:27.105637,23.94,100902.11,40.19,35.27,-0.55,-0.92,-9.77,0.09,-0.12,-0.09,124,2,2,2,4,-1
2021-05-17 15:36:27.585937,23.94,100901.11,40.25,35.35,-0.55,-1.07,-9.73,0.09,-0.12,-0.09,220,2,2,2,4,-1
2021-05-17 15:36:28.065674,23.94,100899.77,40.32,35.46,-0.44,-0.86,-9.79,0.09,-0.12,-0.09,267,2,2,2,4,-1
2021-05-17 15:36:28.546011,23.95,100900.26,40.38,35.42,-0.50,-0.98,-9.70,0.09,-0.12,-0.09,107,2,2,2,4,-1
2021-05-17 15:36:29.025729,23.94,100900.33,40.44,35.42,-0.54,-0.96,-9.68,0.10,-0.12,-0.09,119,2,2,2,4,-1
2021-05-17 15:36:29.505723,23.94,100895.41,40.50,35.83,-0.54,-0.87,-9.72,0.09,-0.12,-0.09,130,2,2,2,4,-1
2021-05-17 15:36:29.985698,23.94,100896.48,40.54,35.74,-0.56,-0.89,-9.70,0.09,-0.12,-0.09,118,2,2,2,5,-1
2021-05-17 15:36:30.465466,23.95,100897.75,40.54,35.63,-0.76,-0.53,-9.82,0.17,-0.07,-0.10,351,2,2,2,4,-1
2021-05-17 15:36:30.945752,23.95,100901.16,40.59,35.35,-0.40,-1.07,-9.75,0.08,-0.12,-0.10,482,2,2,2,5,-1
2021-05-17 15:36:31.425836,23.94,100898.48,40.70,35.57,2.14,-1.17,-9.42,0.65,-0.17,0.61,3167,3,3,3,7,-1
2021-05-17 15:36:31.905847,23.94,100899.83,40.71,35.46,-4.97,-8.80,-0.25,1.78,-1.92,0.12,120,12,9,10,26,-1
2021-05-17 15:36:32.385810,23.94,100897.16,40.78,35.68,-2.69,-8.91,-0.04,-0.41,-0.81,0.22,155,15,10,10,32,-1
2021-05-17 15:36:32.865000,23.94,100896.92,41.00,35.70,-2.17,-9.28,-2.48,-0.67,1.32,0.07,370,10,9,10,23,-1
2021-05-17 15:36:33.345863,23.94,100897.92,41.07,35.62,-1.93,-8.01,-5.44,-3.31,1.65,-0.73,481,5,4,4,12,-1
2021-05-17 15:36:33.825812,23.94,100899.60,41.23,35.48,2.27,-3.27,-10.41,-0.01,-1.61,-0.22,1490,2,3,3,6,-1
2021-05-17 15:36:34.305869,23.94,100899.34,41.39,35.50,3.58,-0.32,-8.25,0.89,0.70,0.50,1961,2,3,2,7,-1
2021-05-17 15:36:34.785811,23.94,100901.52,41.52,35.32,3.03,-9.19,-6.06,2.47,0.25,0.01,1238,3,3,3,8,-1
2021-05-17 15:36:35.265276,23.94,100897.41,41.59,35.66,-2.80,-4.53,6.34,0.63,-0.94,-0.41,108,7,5,6,16,-1
2021-05-17 15:36:35.745874,23.93,100894.09,41.79,35.94,-1.02,-5.21,8.50,-0.15,-1.13,-0.32,114,8,7,11,28,-1
2021-05-17 15:36:36.225886,23.93,100894.92,41.89,35.87,0.39,-6.40,7.11,-0.06,-0.02,0.33,97,28,30,40,102,-1
2021-05-17 15:36:36.705948,23.93,100889.48,41.92,36.32,2.89,-8.61,3.93,-0.42,-0.56,0.30,166,23,25,31,60,-1
2021-05-17 15:36:37.185934,23.94,100891.30,41.99,36.17,-0.01,-7.78,5.77,-0.18,-0.30,0.33,681,46,44,54,147,-1
2021-05-17 15:36:37.665947,23.93,100890.81,42.04,36.21,2.51,-8.52,7.98,2.59,0.21,0.40,362,28,27,37,97,-1
2021-05-17 15:36:38.145925,23.95,100892.05,42.14,36.11,-0.52,-6.00,8.56,0.74,-0.24,-0.43,399,24,22,32,90,-1
2021-05-17 15:36:38.625984,23.96,100889.19,42.28,36.35,0.78,-3.08,9.91,0.01,-0.82,-0.17,283,2,1,2,4,-1
2021-05-17 15:36:39.105869,24.00,100891.84,42.60,36.13,0.48,-1.83,9.77,0.15,0.31,-0.31,1189,1,1,1,2,-1
2021-05-17 15:36:39.585893,24.20,100889.03,44.56,36.36,-1.32,-0.64,9.94,0.48,0.17,-0.07,2053,1,1,1,1,-1
2021-05-17 15:36:40.065892,24.35,100893.67,49.27,35.97,-2.48,1.57,9.83,-0.02,0.63,0.14,557,2,1,1,3,-1
2021-05-17 15:36:40.545894,24.51,100897.48,54.71,35.65,-5.96,0.10,8.80,0.23,0.04,-0.44,1724,1,1,1,2,-1
2021-05-17 15:36:41.025936,24.42,100894.19,59.86,35.93,-4.35,-0.81,8.71,0.02,0.29,0.05,880,1,1,1,2,-1
2021-05-17 15:36:41.505946,24.50,100885.66,64.25,36.64,-5.07,0.06,8.90,-0.19,-0.08,-0.12,178,0,0,0,0,-1
2021-05-17 15:36:41.985721,24.47,100891.81,68.20,36.13,-5.53,-1.09,8.68,0.12,-0.00,0.02,219,0,0,0,0,-1
2021-05-17 15:36:42.465938,24.43,100888.92,71.56,36.37,-5.36,-0.85,8.59,0.03,-0.09,0.02,115,0,0,0,0,-1
2021-05-17 15:36:42.946011,24.42,100888.91,74.57,36.37,-5.50,-0.98,8.53,0.03,-0.04,-0.02,218,0,0,0,0,-1
2021-05-17 15:36:43.426038,24.33,100888.98,77.11,36.36,-5.43,-1.02,8.63,0.05,-0.05,-0.03,162,0,0,0,0,-1
2021-05-17 15:36:43.906035,24.24,100887.33,79.35,36.50,-5.38,-1.02,8.65,0.06,-0.05,-0.03,165,0,0,0,0,-1
2021-05-17 15:36:44.386002,24.48,100889.61,81.37,36.31,-5.20,-0.97,8.84,0.04,-0.05,-0.03,140,0,0,0,0,-1
2021-05-17 15:36:44.866306,24.68,100887.70,83.22,36.47,-5.27,-1.00,8.96,0.04,-0.05,-0.04,198,0,0,0,0,-1
2021-05-17 15:36:45.346092,24.74,100887.23,84.88,36.51,-5.26,-0.97,8.93,0.02,-0.04,-0.01,233,0,0,0,0,-1
2021-05-17 15:36:45.826038,24.71,100887.94,86.31,36.45,-5.24,-1.08,8.92,0.03,-0.04,-0.03,112,0,0,0,0,-1
2021-05-17 15:36:46.306116,24.71,100885.06,87.54,36.69,-5.21,-1.14,8.90,0.02,-0.02,-0.03,144,0,0,0,0,-1
2021-05-17 15:36:46.786072,24.65,100889.99,88.60,36.28,-5.26,-1.09,8.79,0.02,-0.03,0.00,171,0,0,0,0,-1
2021-05-17 15:36:47.265864,24.59,100893.31,89.53,36.00,-5.27,-1.12,8.95,-0.02,-0.04,-0.02,117,0,0,0,0,-1
2021-05-17 15:36:47.746091,24.78,100885.27,90.43,36.68,-5.19,-1.15,9.00,0.02,-0.02,0.02,228,0,0,0,0,-1
2021-05-17 15:36:48.226059,24.82,100890.19,91.20,36.26,-5.09,-1.17,8.90,0.02,-0.02,-0.00,13308,0,0,0,0,-1
2021-05-17 15:36:48.706206,24.94,100890.06,91.96,36.28,-5.27,-1.17,9.38,0.01,0.00,0.01,12443,0,0,0,0,-1
2021-05-17 15:36:49.186042,25.11,100897.05,92.54,35.69,-5.14,-1.29,9.62,0.01,-0.01,-0.02,6814,0,0,0,0,-1
2021-05-17 15:36:49.666183,25.82,100896.20,93.12,35.76,-5.15,-1.11,9.06,-0.01,0.03,0.02,312,0,0,0,0,-1
2021-05-17 15:36:50.146423,25.30,100895.50,93.53,35.82,-5.24,-1.31,8.57,0.00,0.03,0.01,269,0,0,0,0,-1
2021-05-17 15:36:50.626222,24.82,100893.54,93.83,35.98,-5.36,-1.32,8.50,0.01,0.02,0.00,955,0,0,0,0,-1
2021-05-17 15:36:51.106088,24.84,100890.73,94.23,36.22,-5.42,-1.30,8.75,-0.04,0.02,0.09,5803,0,0,0,0,-1
2021-05-17 15:36:51.586159,25.00,100898.75,94.60,35.55,-5.15,-1.54,9.00,-0.08,-0.01,0.00,1598,0,0,0,0,-1
2021-05-17 15:36:52.066154,25.39,100903.20,95.02,35.18,-5.43,-1.42,8.63,0.12,0.08,0.07,372,0,0,0,0,-1
2021-05-17 15:36:52.546058,25.42,100900.05,95.28,35.44,-5.77,-1.29,8.57,-0.12,-0.05,0.04,154,0,0,0,1,-1
2021-05-17 15:36:53.026249,25.40,100903.17,95.48,35.18,-3.82,-2.29,8.70,0.19,-0.03,-0.16,391,1,0,1,1,-1
2021-05-17 15:36:53.506186,25.36,100900.45,95.72,35.41,-4.20,-1.71,9.15,0.22,0.04,-0.06,388,1,0,1,1,-1
2021-05-17 15:36:53.986252,25.34,100894.16,95.86,35.93,-4.79,-1.23,9.21,0.03,-0.05,0.05,257,0,0,0,1,-1
2021-05-17 15:36:54.466265,25.29,100905.75,96.01,34.96,-3.87,-0.60,9.37,-0.03,-0.01,-0.02,421,0,0,0,1,-1
2021-05-17 15:36:54.946343,25.28,100898.20,96.20,35.60,-4.54,-0.91,9.53,0.01,-0.04,-0.04,260,0,0,0,1,-1
2021-05-17 15:36:55.426217,25.51,100902.46,96.35,35.24,-3.78,-0.94,9.87,-0.04,-0.11,0.05,190,1,0,1,1,-1
2021-05-17 15:36:55.906256,25.73,100904.73,96.53,35.05,-2.10,-3.43,9.21,0.09,0.25,-0.12,3195,1,0,1,1,-1
2021-05-17 15:36:56.386287,25.94,100901.94,96.67,35.28,-4.66,-1.90,9.41,0.26,0.02,-0.19,331,1,1,1,2,-1
2021-05-17 15:36:56.866018,25.94,100906.12,96.74,34.93,-6.13,-1.57,8.81,-0.12,0.42,0.25,293,1,1,1,2,-1
2021-05-17 15:36:57.346466,25.85,100902.83,96.78,35.21,-4.65,-1.13,8.61,0.31,0.01,-0.33,536,0,0,0,1,-1
2021-05-17 15:36:57.826369,25.67,100908.10,96.87,34.77,-4.65,-1.59,7.80,0.29,-0.24,-0.27,4917,1,1,1,2,-1
2021-05-17 15:36:58.306251,25.51,100902.72,96.92,35.22,-1.89,2.18,10.52,0.21,-1.08,0.60,1504,1,0,1,1,-1
2021-05-17 15:36:58.786329,26.33,100897.86,97.09,35.62,3.36,1.50,10.66,0.16,-0.21,-0.14,554,0,0,0,1,-1
2021-05-17 15:36:59.266321,26.39,100893.76,97.15,35.97,2.68,1.26,9.90,0.15,0.25,-0.03,1058,0,0,0,1,-1
2021-05-17 15:36:59.746274,26.25,100882.06,97.21,36.94,1.85,1.49,9.96,-0.04,0.14,0.00,874,0,0,0,0,-1
2021-05-17 15:37:00.226344,26.12,100881.00,97.22,37.03,1.33,1.22,10.39,0.14,0.03,-0.07,2964,0,0,0,0,-1
2021-05-17 15:37:00.706121,26.07,100888.81,97.29,36.38,0.87,0.86,10.09,0.04,-0.05,0.00,185,0,0,0,0,-1
2021-05-17 15:37:01.186291,26.17,100888.67,97.31,36.39,1.51,1.13,10.09,-0.19,0.04,0.09,4719,0,0,0,0,-1
2021-05-17 15:37:01.666340,26.16,100896.09,97.40,35.77,0.79,0.84,9.97,-0.02,0.19,-0.01,1791,0,0,0,1,-1
2021-05-17 15:37:02.146227,26.14,100883.33,97.42,36.84,0.94,1.20,10.13,0.05,-0.06,-0.01,2059,0,0,0,1,-1
2021-05-17 15:37:02.626416,26.21,100874.16,97.52,37.60,0.35,0.87,10.49,-0.03,0.41,0.06,4419,0,0,0,0,-1
2021-05-17 15:37:03.106423,26.32,100882.52,97.52,36.79,0.00,0.92,10.04,0.02,0.06,-0.12,1207,0,0,0,0,-1
2021-05-17 15:37:03.586142,26.27,100885.59,97.59,36.65,-0.40,0.85,10.32,-0.02,0.14,0.01,221,0,0,0,0,-1
2021-05-17 15:37:04.066417,26.24,100889.66,97.57,36.31,-0.05,0.32,10.56,0.05,-0.32,0.01,405,0,0,0,0,-1
2021-05-17 15:37:04.546615,26.13,100894.52,97.57,35.90,-1.91,1.09,10.04,0.14,0.21,0.17,469,0,0,0,0,-1
2021-05-17 15:37:05.026191,26.06,100886.91,97.65,36.54,-2.41,0.85,9.74,-0.11,0.34,-0.28,5212,0,0,0,0,-1
2021-05-17 15:37:05.506626,26.08,100890.06,97.65,36.28,-3.31,-0.13,9.65,-0.33,0.51,-0.16,6987,0,0,0,0,-1
2021-05-17 15:37:05.986141,26.25,100888.61,97.74,36.40,-6.30,-2.39,9.26,-0.04,0.13,0.35,6750,0,0,0,0,-1
2021-05-17 15:37:06.466266,26.40,100903.22,97.79,35.18,-4.35,1.57,9.85,0.09,0.18,0.07,11287,0,0,0,1,-1
2021-05-17 15:37:06.946413,26.63,100896.89,97.83,35.70,-5.98,-1.16,9.24,-0.57,-0.19,0.02,3763,1,0,1,1,-1
2021-05-17 15:37:07.426945,26.84,100901.12,97.86,35.35,-4.99,-0.46,6.95,0.48,0.00,-0.49,5610,1,1,1,2,-1
2021-05-17 15:37:07.905303,26.84,100901.62,97.90,35.31,-5.71,1.24,9.40,-0.00,-0.37,0.09,1464,1,1,1,1,-1
2021-05-17 15:37:08.384245,26.84,100891.12,97.87,36.19,-4.26,-0.21,9.05,-0.71,0.31,0.12,1151,0,0,0,0,-1
2021-05-17 15:37:08.863470,26.67,100903.04,97.86,35.19,-5.74,-1.61,8.36,-0.16,0.19,0.25,464,0,0,0,0,-1
2021-05-17 15:37:09.342992,26.46,100905.15,97.82,35.01,-6.11,-1.55,7.83,0.15,0.01,0.03,12086,0,0,0,0,-1
2021-05-17 15:37:09.820848,26.56,100901.01,97.86,35.36,-6.04,-0.77,8.34,0.36,-0.11,0.05,11481,0,0,0,0,-1
2021-05-17 15:37:10.300491,26.57,100901.36,97.97,35.33,-4.45,-0.60,9.30,-0.04,-0.29,-0.02,12079,0,0,0,0,-1
2021-05-17 15:37:10.779651,26.58,100902.61,97.95,35.23,-3.53,-0.52,10.16,0.14,-0.01,-0.01,7313,0,0,0,0,-1
2021-05-17 15:37:11.258805,26.73,100889.56,97.99,36.32,-3.73,0.01,9.95,0.03,0.17,-0.29,6867,0,0,0,0,-1
2021-05-17 15:37:11.737955,26.94,100893.19,98.03,36.01,-5.04,0.89,9.34,-0.06,0.26,-0.11,1016,0,0,0,0,-1
2021-05-17 15:37:12.217223,27.18,100897.27,98.08,35.67,-4.19,-0.83,9.87,-0.50,-0.32,0.05,264,0,0,0,0,-1
2021-05-17 15:37:12.696615,27.04,100902.98,98.03,35.20,-3.89,-0.01,9.40,0.27,0.26,0.16,914,0,0,0,0,-1
2021-05-17 15:37:13.175664,26.95,100902.75,98.02,35.21,-3.62,0.28,9.54,-0.35,-0.00,-0.01,251,0,0,0,1,-1
2021-05-17 15:37:13.654123,26.90,100905.42,98.07,34.99,-3.79,0.31,9.12,0.03,0.05,0.11,217,0,0,0,1,-1
2021-05-17 15:37:14.134288,26.87,100905.61,98.07,35.04,-3.64,0.46,9.52,-0.25,-0.19,-0.09,423,1,0,0,1,-1
2021-05-17 15:37:14.613603,26.85,100899.62,98.09,35.48,-3.25,-0.86,9.44,0.17,-1.13,-0.15,526,1,0,1,1,-1
2021-05-17 15:37:15.093289,26.93,100901.94,98.08,35.28,-2.66,-0.24,9.46,0.35,0.40,-0.01,540,1,0,1,1,-1
2021-05-17 15:37:15.571389,26.98,100903.36,98.13,35.16,-3.70,-1.07,9.09,-0.01,0.52,-0.04,236,1,1,1,2,-1
2021-05-17 15:37:16.051754,27.02,100903.70,98.17,35.14,-4.03,-1.12,9.17,-0.05,0.25,-0.08,117,1,1,1,2,-1
2021-05-17 15:37:16.531132,27.00,100902.64,98.13,35.22,-5.50,-2.12,8.81,-0.09,0.10,-0.13,20589,1,1,1,2,-1
2021-05-17 15:37:17.010587,26.86,100904.21,98.11,35.09,-6.19,-0.03,5.73,-0.29,-0.50,0.16,1546,1,0,1,1,-1
2021-05-17 15:37:17.489999,26.73,100906.02,98.15,34.94,-8.21,-1.51,7.03,0.06,-0.00,-0.08,1136,1,1,1,2,-1
2021-05-17 15:37:17.969548,26.85,100903.13,98.22,35.18,-5.94,-1.61,9.19,0.42,-0.23,0.21,6233,1,1,1,2,-1
2021-05-17 15:37:18.448933,27.84,100903.92,98.33,35.12,-2.34,-1.08,10.88,-0.77,-1.34,0.56,700,4,2,2,7,-1
2021-05-17 15:37:18.928491,27.70,100910.64,98.30,34.56,-0.37,-5.47,8.56,-1.46,-0.29,0.19,592,59,43,49,150,-1
2021-05-17 15:37:19.408078,27.45,100905.91,98.23,34.95,1.27,-8.51,3.44,-2.86,-0.56,-2.53,583,85,73,74,186,-1
2021-05-17 15:37:19.887308,27.17,100908.64,98.19,34.72,-0.87,-9.66,2.21,3.74,0.67,0.88,464,34,38,43,95,-1
2021-05-17 15:37:20.367000,27.06,100910.52,98.19,34.57,-2.65,-0.43,6.94,0.32,1.01,0.46,3323,18,12,16,56,-1
2021-05-17 15:37:20.846587,26.78,100911.48,98.21,34.49,-5.25,3.97,6.41,-0.01,-0.04,3.73,3343,2,2,3,6,-1
2021-05-17 15:37:21.326132,26.76,100907.90,98.20,34.78,0.08,6.80,6.87,0.14,-0.05,0.08,102,5,6,7,18,-1
2021-05-17 15:37:21.805624,26.67,100909.24,98.18,34.67,-0.03,6.69,7.28,0.02,0.01,-0.01,131,4,5,6,16,-1
2021-05-17 15:37:22.284538,26.70,100906.43,98.21,34.91,-0.04,6.71,7.35,0.00,0.03,-0.02,108,4,5,6,16,-1
2021-05-17 15:37:22.764917,26.72,100906.72,98.26,34.88,-0.05,6.73,7.31,0.01,0.02,-0.02,97,4,5,6,16,-1
2021-05-17 15:37:23.244408,26.71,100907.68,98.21,34.80,-0.05,6.71,7.35,0.00,0.03,-0.02,159,4,5,6,16,-1
2021-05-17 15:37:23.724043,26.70,100906.59,98.27,34.89,-0.05,6.70,7.38,0.00,0.03,-0.02,193,4,5,6,16,-1
2021-05-17 15:37:24.203518,26.68,100906.86,98.31,34.87,-0.03,6.71,7.36,0.01,0.02,-0.02,139,4,5,6,16,-1
2021-05-17 15:37:24.683234,26.66,100913.15,98.32,34.35,-0.02,6.73,7.28,0.01,0.02,-0.01,96,4,5,6,16,-1
2021-05-17 15:37:25.163383,26.61,100912.30,98.32,34.42,-0.03,6.70,7.35,0.01,0.02,-0.02,116,4,5,6,16,-1
2021-05-17 15:37:25.642761,26.56,100912.88,98.35,34.37,-0.01,6.66,7.34,0.01,0.02,-0.02,182,4,5,6,16,-1
2021-05-17 15:37:26.122367,26.52,100911.76,98.34,34.46,-0.04,6.72,7.26,0.01,0.02,-0.02,122,4,5,6,16,-1
2021-05-17 15:37:26.602030,26.47,100910.24,98.37,34.59,-0.07,6.71,7.30,0.01,0.02,-0.02,125,4,5,6,15,-1
2021-05-17 15:37:27.081779,26.44,100910.05,98.36,34.60,-0.05,6.67,7.34,0.02,0.01,-0.01,304,4,5,6,15,-1
2021-05-17 15:37:27.561457,26.44,100910.23,98.39,34.59,-0.00,6.71,7.47,-0.01,0.03,-0.04,286,4,5,6,15,-1
2021-05-17 15:37:28.041210,26.43,100912.33,98.43,34.41,-0.07,6.67,7.32,0.03,-0.01,-0.00,192,4,5,6,15,-1
2021-05-17 15:37:28.520936,26.39,100909.55,98.44,34.65,-0.04,6.74,7.32,0.01,0.02,-0.03,129,4,5,6,15,-1
2021-05-17 15:37:29.000647,26.36,100912.12,98.45,34.43,-0.06,6.70,7.31,0.02,0.01,-0.02,130,4,5,6,15,-1
2021-05-17 15:37:29.480460,26.33,100911.56,98.51,34.48,-0.05,6.68,7.29,0.02,0.00,-0.03,126,4,5,6,15,-1
2021-05-17 15:37:29.960099,26.27,100910.12,98.49,34.60,-0.06,6.69,7.29,0.03,-0.01,-0.03,127,4,5,6,15,-1
2021-05-17 15:37:30.439934,26.21,100910.45,98.51,34.57,-0.05,6.72,7.33,0.02,-0.01,-0.03,123,4,5,6,15,-1
2021-05-17 15:37:30.919673,26.16,100910.26,98.54,34.59,-0.03,6.70,7.37,0.03,-0.01,-0.03,119,4,5,6,15,-1
2021-05-17 15:37:31.398570,26.13,100907.70,98.54,34.80,-0.05,6.69,7.36,0.02,-0.01,-0.03,108,4,5,6,15,-1
2021-05-17 15:37:31.879218,26.12,100908.40,98.57,34.74,-0.05,6.73,7.29,0.03,-0.02,-0.03,117,4,5,6,15,-1
2021-05-17 15:37:32.358959,26.09,100910.53,98.57,34.56,-0.04,6.72,7.34,0.04,-0.03,-0.04,173,4,5,6,15,-1
2021-05-17 15:37:32.838896,26.05,100911.51,98.60,34.48,0.03,6.74,7.34,0.07,-0.06,-0.05,165,4,5,6,15,-1
2021-05-17 15:37:33.318554,26.00,100912.77,98.66,34.38,0.01,6.78,7.25,0.08,-0.09,-0.07,175,4,5,6,16,-1
2021-05-17 15:37:33.798176,25.91,100915.83,98.66,34.12,0.93,8.76,6.17,-0.04,0.63,0.32,820,6,5,5,14,-1
2021-05-17 15:37:34.278177,25.57,100913.36,98.62,34.33,0.15,8.94,-3.73,3.44,0.64,-0.82,282,4,4,4,10,-1
2021-05-17 15:37:34.758017,25.17,100914.92,98.24,34.20,1.99,0.37,-11.65,-0.11,0.71,-0.10,3567,2,2,2,5,-1
2021-05-17 15:37:35.238047,25.08,100905.88,96.71,34.95,0.48,0.02,-9.78,0.08,-0.10,-0.09,121,2,3,3,6,-1
2021-05-17 15:37:35.717763,25.17,100910.64,94.93,34.56,0.51,0.06,-9.76,0.09,-0.11,-0.09,117,2,3,3,6,-1
2021-05-17 15:37:36.197546,25.20,100910.12,93.20,34.60,0.47,0.06,-9.77,0.09,-0.11,-0.09,115,2,3,3,6,-1
2021-05-17 15:37:36.677223,25.21,100907.48,91.34,34.82,0.48,0.03,-9.77,0.09,-0.11,-0.09,123,2,3,3,6,-1
2021-05-17 15:37:37.157167,25.22,100908.84,89.56,34.71,0.49,-0.00,-9.74,0.08,-0.11,-0.09,150,2,3,3,6,-1
2021-05-17 15:37:37.637098,25.26,100910.40,88.15,34.58,0.09,-0.26,-9.55,0.09,-0.11,-0.09,531,1,1,1,3,-1
2021-05-17 15:37:38.116625,25.26,100903.75,86.78,35.13,0.44,-0.04,-9.77,0.08,-0.13,-0.09,1198,0,1,1,1,-1
2021-05-17 15:37:38.596979,25.27,100909.38,85.25,34.66,-2.68,-1.93,-9.41,0.08,-0.09,0.01,1046,1,1,1,2,-1
2021-05-17 15:37:39.076689,25.27,100905.35,83.88,35.00,0.28,-0.19,-9.49,0.17,-0.08,-0.10,596,0,0,0,0,-1
2021-05-17 15:37:39.556463,25.27,100899.54,82.70,35.48,0.94,0.04,-9.79,0.03,-0.01,-0.06,1118,0,0,0,0,-1
2021-05-17 15:37:40.036318,25.26,100881.70,81.81,36.97,0.56,-0.03,-9.73,0.09,-0.11,-0.07,221,0,0,0,0,-1
2021-05-17 15:37:40.516281,25.27,100895.44,80.83,35.83,0.45,-0.40,-10.16,0.12,-0.16,-0.08,998,0,0,0,0,-1
2021-05-17 15:37:40.996115,25.27,100887.98,79.80,36.45,0.55,-0.03,-9.67,0.07,-0.15,-0.07,771,0,0,0,0,-1
2021-05-17 15:37:41.475971,25.28,100890.00,78.95,36.28,0.43,-0.13,-9.71,0.10,-0.11,-0.06,1229,0,0,0,0,-1
2021-05-17 15:37:41.955373,25.29,100889.30,78.19,36.34,0.57,-0.09,-9.70,0.06,-0.12,-0.07,143,0,0,0,0,-1
2021-05-17 15:37:42.435753,25.30,100895.25,77.51,35.84,0.48,-0.09,-9.77,0.08,-0.14,-0.06,98,0,0,0,0,-1
2021-05-17 15:37:42.915684,25.31,100891.62,76.91,36.08,0.46,-0.14,-9.79,0.08,-0.10,-0.06,119,0,0,0,0,-1
2021-05-17 15:37:43.395563,25.32,100895.20,76.41,35.85,0.50,-0.12,-9.78,0.08,-0.11,-0.07,162,0,0,0,0,-1
2021-05-17 15:37:43.875425,25.33,100889.69,75.94,36.31,0.53,-0.15,-9.72,0.09,-0.11,-0.06,113,0,0,0,0,-1
2021-05-17 15:37:44.355642,25.34,100889.89,75.42,36.29,0.53,-0.12,-9.73,0.09,-0.11,-0.06,119,0,0,0,0,-1
2021-05-17 15:37:44.835630,25.35,100890.14,74.81,36.27,0.48,-0.09,-9.78,0.08,-0.11,-0.07,194,0,0,0,0,-1
2021-05-17 15:37:45.315097,25.36,100890.72,74.05,36.22,0.53,-0.14,-9.79,0.08,-0.11,-0.07,111,0,0,0,0,-1
2021-05-17 15:37:45.795109,25.37,100887.11,73.24,36.52,0.53,-0.14,-9.79,0.09,-0.10,-0.07,454,0,0,0,0,-1
2021-05-17 15:37:46.274966,25.38,100888.84,72.58,36.38,0.52,-0.07,-9.78,0.08,-0.11,-0.07,713,0,0,0,0,-1
2021-05-17 15:37:46.754877,25.39,100888.00,71.92,36.45,0.49,-0.15,-9.78,0.08,-0.11,-0.06,336,0,0,0,0,-1
2021-05-17 15:37:47.234843,25.41,100889.16,71.40,36.35,0.54,-0.12,-9.79,0.09,-0.10,-0.07,928,0,0,0,0,-1
2021-05-17 15:37:47.714713,25.41,100890.26,70.89,36.26,0.51,-0.08,-9.76,0.08,-0.11,-0.07,536,0,0,0,0,-1
2021-05-17 15:37:48.194648,25.42,100890.16,70.49,36.27,0.55,-0.09,-9.74,0.09,-0.11,-0.07,688,0,0,0,0,-1
2021-05-17 15:37:48.674457,25.43,100890.55,70.15,36.23,0.51,-0.11,-9.77,0.07,-0.12,-0.07,282,0,0,0,0,-1
2021-05-17 15:37:49.154434,25.43,100889.03,69.76,36.36,0.46,-0.12,-9.78,0.09,-0.11,-0.07,248,0,0,0,0,-1
2021-05-17 15:37:49.634243,25.44,100884.35,69.42,36.75,0.55,-0.18,-9.80,0.08,-0.10,-0.08,281,0,0,0,0,-1
2021-05-17 15:37:50.114332,25.44,100879.99,69.12,37.12,0.63,-0.14,-9.77,0.09,-0.11,-0.08,159,0,0,0,0,-1
2021-05-17 15:37:50.594212,25.45,100882.41,68.84,36.91,0.57,-0.09,-9.76,0.07,-0.12,-0.07,604,0,0,0,0,-1
2021-05-17 15:37:51.074315,25.47,100892.70,68.59,36.05,0.70,-0.40,-9.85,0.07,-0.11,-0.10,490,0,0,0,0,-1
2021-05-17 15:37:51.554243,25.48,100890.77,68.47,36.22,0.56,-0.16,-9.79,0.09,-0.11,-0.10,242,0,0,0,1,-1
2021-05-17 15:37:52.034181,25.48,100891.69,68.33,36.14,1.04,-0.43,-10.07,0.12,-0.09,-0.08,440,0,1,1,1,-1
2021-05-17 15:37:52.514065,25.49,100894.52,68.26,35.90,0.27,-0.11,-9.65,0.13,-0.12,-0.08,280,0,1,1,1,-1
2021-05-17 15:37:52.994054,25.49,100889.89,68.23,36.29,0.60,-0.07,-9.73,0.08,-0.10,-0.09,234,0,1,1,1,-1
2021-05-17 15:37:53.473893,25.49,100887.55,68.21,36.48,0.66,-0.10,-9.77,0.08,-0.14,-0.08,123,0,1,1,1,-1
2021-05-17 15:37:53.953900,25.50,100890.06,68.17,36.28,0.57,-0.06,-9.74,0.07,-0.12,-0.10,173,0,1,1,1,-1
2021-05-17 15:37:54.433813,25.50,100890.22,68.13,36.26,0.45,-0.18,-9.89,0.10,-0.11,-0.09,375,0,1,1,1,-1
2021-05-17 15:37:54.913734,25.51,100891.58,68.09,36.15,0.42,-0.10,-9.84,0.09,-0.14,-0.12,442,0,1,1,1,-1
2021-05-17 15:37:55.393176,25.51,100893.07,68.14,36.02,0.54,-0.11,-9.75,0.08,-0.11,-0.10,427,0,1,1,1,-1
2021-05-17 15:37:55.873792,25.51,100891.47,68.13,36.16,0.60,-0.09,-9.69,0.08,-0.12,-0.09,158,0,1,1,1,-1
2021-05-17 15:37:56.353672,25.51,100891.81,68.15,36.13,0.60,-0.06,-9.70,0.09,-0.10,-0.10,108,0,1,1,1,-1
2021-05-17 15:37:56.833583,25.52,100892.21,68.15,36.10,0.58,-0.11,-9.76,0.09,-0.11,-0.10,136,0,1,1,1,-1
2021-05-17 15:37:57.313613,25.52,100893.41,68.11,36.00,0.58,-0.15,-9.72,0.09,-0.11,-0.10,110,0,1,1,1,-1
2021-05-17 15:37:57.793576,25.52,100891.56,67.99,36.15,0.60,-0.11,-9.75,0.09,-0.11,-0.10,104,0,1,1,1,-1
2021-05-17 15:37:58.273491,25.52,100891.28,67.92,36.17,0.60,-0.04,-9.76,0.09,-0.11,-0.10,268,0,1,1,1,-1
2021-05-17 15:37:58.753483,25.53,100893.22,67.77,36.01,0.57,-0.09,-9.75,0.09,-0.11,-0.10,210,0,1,1,1,-1
2021-05-17 15:37:59.233361,25.52,100887.20,67.58,36.51,0.55,-0.13,-9.77,0.09,-0.11,-0.10,284,0,1,1,1,-1
2021-05-17 15:37:59.713331,25.52,100887.92,67.43,36.45,0.65,-0.17,-9.81,0.09,-0.11,-0.10,362,0,1,1,1,-1
2021-05-17 15:38:00.193279,25.53,100891.20,67.28,36.36,0.55,-0.07,-9.81,0.09,-0.11,-0.10,346,0,1,1,1,-1
2021-05-17 15:38:00.673883,25.53,100889.17,67.17,36.35,0.67,-0.03,-9.77,0.03,-0.10,-0.09,973,0,1,1,1,-1
2021-05-17 15:38:01.153212,25.54,100895.29,67.05,35.84,0.56,0.21,-9.85,0.06,-0.14,-0.11,290,0,1,1,1,-1
2021-05-17 15:38:01.633184,25.54,100895.40,66.84,35.83,0.64,0.07,-9.78,0.09,-0.11,-0.11,842,1,1,1,2,-1
2021-05-17 15:38:02.113192,25.53,100895.64,65.95,35.81,0.64,0.17,-9.79,0.09,-0.12,-0.11,127,2,3,2,6,-1
